#	Card	Card type	Type	Level	Attack	Defense	Password	SC Cost	Image
1	Blue-eyes White Dragon	Monster	Dragon	8	3000	2500	89631139	999999	https://ms.yugipedia.com//b/ba/BlueeyesWhiteDragon-FMR-NA-VG.png
2	Mystical Elf	Monster	Spellcaster	4	800	2000	15025844	160	https://ms.yugipedia.com//a/a6/MysticalElf-FMR-NA-VG.png
3	Hitotsu-me Giant	Monster	Beast-Warrior	4	1200	1000	76184692	70	https://ms.yugipedia.com//4/49/HitotsumeGiant-FMR-NA-VG.png
4	Baby Dragon	Monster	Dragon	3	1200	700	88819587	999999	https://ms.yugipedia.com//8/83/BabyDragon-FMR-NA-VG.png
5	Ryu-kishin	Monster	Fiend	3	1000	500	15303296	30	https://ms.yugipedia.com//a/a7/Ryukishin-FMR-NA-VG.png
6	Feral Imp	Monster	Fiend	4	1300	1400	41392891	140	https://ms.yugipedia.com//c/c7/FeralImp-FMR-NA-VG.png
7	Winged Dragon #1	Monster	Dragon	4	1400	1200	87796900	999999	https://ms.yugipedia.com//3/3f/WingedDragon1-FMR-NA-VG.png
8	Mushroom Man	Monster	Plant	2	800	600	14181608	30	https://ms.yugipedia.com//c/c6/MushroomMan-FMR-NA-VG.png
9	Shadow Specter	Monster	Zombie	1	500	200	40575313	15	https://ms.yugipedia.com//4/4d/ShadowSpecter-FMR-NA-VG.png
10	Blackland Fire Dragon	Monster	Dragon	4	1500	800	87564352	80	https://ms.yugipedia.com//5/57/BlacklandFireDragon-FMR-NA-VG.png
11	Sword Arm of Dragon	Monster	Dinosaur	6	1750	2030	13069066	1000	https://ms.yugipedia.com//c/cf/SwordArmofDragon-FMR-NA-VG.png
12	Swamp Battleguard	Monster	Warrior	5	1800	1500	40453765	290	https://ms.yugipedia.com//1/13/SwampBattleguard-FMR-NA-VG.png
13	Tyhone	Monster	Winged Beast	4	1200	1400	72842870	120	https://ms.yugipedia.com//c/cc/Tyhone-FMR-NA-VG.png
14	Battle Steer	Monster	Beast-Warrior	5	1800	1300	18246479	230	https://ms.yugipedia.com//3/38/BattleSteer-FMR-NA-VG.png
15	Flame Swordsman	Monster	Warrior	5	1800	1600	45231177	320	https://ms.yugipedia.com//f/f1/FlameSwordsman-FMR-NA-VG.png
16	Time Wizard	Monster	Spellcaster	2	500	400	71625222	999999	https://ms.yugipedia.com//4/4d/TimeWizard-FMR-NA-VG.png
17	Right Leg of the Forbidden One	Monster	Spellcaster	1	200	300	8124921	999999	https://ms.yugipedia.com//e/e5/RightLegoftheForbiddenOne-FMR-NA-VG.png
18	Left Leg of the Forbidden One	Monster	Spellcaster	1	200	300	44519536	999999	https://ms.yugipedia.com//5/5c/LeftLegoftheForbiddenOne-FMR-NA-VG.png
19	Right Arm of the Forbidden One	Monster	Spellcaster	1	200	300	70903634	999999	https://ms.yugipedia.com//a/aa/RightArmoftheForbiddenOne-FMR-NA-VG.png
20	Left Arm of the Forbidden One	Monster	Spellcaster	1	200	300	7902349	999999	https://ms.yugipedia.com//f/f2/LeftArmoftheForbiddenOne-FMR-NA-VG.png
21	Exodia the Forbidden	Monster	Spellcaster	3	1000	1000	33396948	999999	https://ms.yugipedia.com//7/77/ExodiatheForbidden-FMR-NA-VG.png
22	Summoned Skull	Monster	Fiend	6	2500	1200	70781052	999999	https://ms.yugipedia.com//a/a6/SummonedSkull-FMR-NA-VG.png
23	The Wicked Worm Beast	Monster	Beast	3	1400	700	6285791	60	https://ms.yugipedia.com//6/65/TheWickedWormBeast-FMR-NA-VG.png
24	Skull Servant	Monster	Zombie	1	300	200	32274490	10	https://ms.yugipedia.com//1/1d/SkullServant-FMR-NA-VG.png
25	Horn Imp	Monster	Fiend	4	1300	1000	69669405	80	https://ms.yugipedia.com//3/3f/HornImp-FMR-NA-VG.png
26	Battle Ox	Monster	Beast-Warrior	4	1700	1000	5053103	999999	https://ms.yugipedia.com//3/3e/BattleOx-FMR-NA-VG.png
27	Beaver Warrior	Monster	Beast-Warrior	4	1200	1500	32452818	140	https://ms.yugipedia.com//1/1a/BeaverWarrior-FMR-NA-VG.png
28	Rock Ogre Grotto #1	Monster	Rock	3	800	1200	68846917	999999	https://ms.yugipedia.com//c/ce/RockOgreGrotto1-FMR-NA-VG.png
29	Mountain Warrior	Monster	Beast-Warrior	3	600	1000	4931562	35	https://ms.yugipedia.com//a/a4/MountainWarrior-FMR-NA-VG.png
30	Zombie Warrior	Monster	Zombie	3	1200	900	31339260	60	https://ms.yugipedia.com//8/85/ZombieWarrior-FMR-NA-VG.png
31	Koumori Dragon	Monster	Dragon	4	1500	1200	67724379	140	https://ms.yugipedia.com//b/bb/KoumoriDragon-FMR-NA-VG.png
32	Two-headed King Rex	Monster	Dinosaur	4	1600	1200	94119974	160	https://ms.yugipedia.com//3/36/TwoheadedKingRex-FMR-NA-VG.png
33	Judge Man	Monster	Warrior	6	2200	1500	30113682	1000	https://ms.yugipedia.com//b/b5/JudgeMan-FMR-NA-VG.png
34	Saggi the Dark Clown	Monster	Spellcaster	3	600	1500	66602787	60	https://ms.yugipedia.com//a/a1/SaggitheDarkClown-FMR-NA-VG.png
35	Dark Magician	Monster	Spellcaster	7	2500	2100	46986414	999999	https://ms.yugipedia.com//a/a0/DarkMagician-FMR-NA-VG.png
36	The Snake Hair	Monster	Zombie	4	1500	1200	29491031	140	https://ms.yugipedia.com//b/b9/TheSnakeHair-FMR-NA-VG.png
37	Gaia the Dragon Champion	Monster	Dragon	7	2600	2100	66889139	999999	https://ms.yugipedia.com//d/db/GaiatheDragonChampion-FMR-NA-VG.png
38	Gaia the Fierce Knight	Monster	Warrior	7	2300	2100	6368038	999999	https://ms.yugipedia.com//0/02/GaiatheFierceKnight-FMR-NA-VG.png
39	Curse of Dragon	Monster	Dragon	5	2000	1500	28279543	999999	https://ms.yugipedia.com//2/2e/CurseofDragon-FMR-NA-VG.png
40	Dragon Piper	Monster	Pyro	3	200	1800	55763552	55	https://ms.yugipedia.com//d/d4/DragonPiper-FMR-NA-VG.png
41	Celtic Guardian	Monster	Warrior	4	1400	1200	91152256	120	https://ms.yugipedia.com//2/2f/CelticGuardian-FMR-NA-VG.png
42	Illusionist Faceless Mage	Monster	Spellcaster	5	1200	2200	28546905	320	https://ms.yugipedia.com//b/b6/IllusionistFacelessMage-FMR-NA-VG.png
43	Karbonala Warrior	Monster	Warrior	4	1500	1200	54541900	140	https://ms.yugipedia.com//7/7c/KarbonalaWarrior-FMR-NA-VG.png
44	Rogue Doll	Monster	Spellcaster	4	1600	1000	91939608	120	https://ms.yugipedia.com//6/61/RogueDoll-FMR-NA-VG.png
45	Oscillo Hero #2	Monster	Thunder	3	1000	500	27324313	30	https://ms.yugipedia.com//d/d2/OscilloHero2-FMR-NA-VG.png
46	Griffore	Monster	Beast	4	1200	1500	53829412	140	https://ms.yugipedia.com//1/17/Griffore-FMR-NA-VG.png
47	Torike	Monster	Beast	3	1200	600	80813021	45	https://ms.yugipedia.com//1/17/Torike-FMR-NA-VG.png
48	Sangan	Monster	Fiend	3	1000	600	26202165	35	https://ms.yugipedia.com//3/3e/Sangan-FMR-NA-VG.png
49	Big Insect	Monster	Insect	4	1200	1500	53606874	140	https://ms.yugipedia.com//f/fc/BigInsect-FMR-NA-VG.png
50	Basic Insect	Monster	Insect	2	500	700	89091579	25	https://ms.yugipedia.com//c/c6/BasicInsect-FMR-NA-VG.png
51	Armored Lizard	Monster	Reptile	4	1500	1200	15480588	999999	https://ms.yugipedia.com//f/fe/ArmoredLizard-FMR-NA-VG.png
52	Hercules Beetle	Monster	Insect	5	1500	2000	52584282	999999	https://ms.yugipedia.com//6/6d/HerculesBeetle-FMR-NA-VG.png
53	Killer Needle	Monster	Insect	4	1200	1000	88979991	70	https://ms.yugipedia.com//2/20/KillerNeedle-FMR-NA-VG.png
54	Gokibore	Monster	Insect	4	1200	1400	15367030	999999	https://ms.yugipedia.com//6/6f/Gokibore-FMR-NA-VG.png
55	Giant Flea	Monster	Insect	4	1500	1200	41762634	140	https://ms.yugipedia.com//c/cb/GiantFlea-FMR-NA-VG.png
56	Larvae Moth	Monster	Insect	2	500	400	87756343	999999	https://ms.yugipedia.com//e/e7/LarvaeMoth-FMR-NA-VG.png
57	Great Moth	Monster	Insect	8	2600	2500	14141448	999999	https://ms.yugipedia.com//d/d4/GreatMoth-FMR-NA-VG.png
58	Kuriboh	Monster	Fiend	1	300	200	40640057	10	https://ms.yugipedia.com//6/6f/Kuriboh-FMR-NA-VG.png
59	Mammoth Graveyard	Monster	Dinosaur	3	1200	800	40374923	55	https://ms.yugipedia.com//5/53/MammothGraveyard-FMR-NA-VG.png
60	Great White	Monster	Fish	4	1600	800	13429800	999999	https://ms.yugipedia.com//5/52/GreatWhite-FMR-NA-VG.png
61	Wolf	Monster	Beast	3	1200	800	49417509	55	https://ms.yugipedia.com//e/e4/Wolf-FMR-NA-VG.png
62	Harpie Lady	Monster	Winged Beast	4	1300	1400	76812113	999999	https://ms.yugipedia.com//3/32/HarpieLady-FMR-NA-VG.png
63	Harpie Lady Sisters	Monster	Winged Beast	6	1950	2100	12206212	999999	https://ms.yugipedia.com//4/4a/HarpieLadySisters-FMR-NA-VG.png
64	Tiger Axe	Monster	Beast-Warrior	4	1300	1100	49791927	999999	https://ms.yugipedia.com//e/ed/TigerAxe-FMR-NA-VG.png
65	Silver Fang	Monster	Beast	3	1200	800	90357090	55	https://ms.yugipedia.com//c/cb/SilverFang-FMR-NA-VG.png
66	Kojikocy	Monster	Warrior	4	1500	1200	1184620	140	https://ms.yugipedia.com//a/a2/Kojikocy-FMR-NA-VG.png
67	Perfectly Ultimate Great Moth	Monster	Insect	8	3500	3000	48579379	999999	https://ms.yugipedia.com//3/3f/PerfectlyUltimateGreatMoth-FMR-NA-VG.png
68	Garoozis	Monster	Beast-Warrior	5	1800	1500	14977074	290	https://ms.yugipedia.com//e/e4/Garoozis-FMR-NA-VG.png
69	Thousand Dragon	Monster	Dragon	7	2400	2000	41462083	999999	https://ms.yugipedia.com//6/62/ThousandDragon-FMR-NA-VG.png
70	Fiend Kraken	Monster	Aqua	4	1200	1400	77456781	120	https://ms.yugipedia.com//e/e4/FiendKraken-FMR-NA-VG.png
71	Jellyfish	Monster	Aqua	4	1200	1500	14851496	140	https://ms.yugipedia.com//0/0c/Jellyfish-FMR-NA-VG.png
72	Cocoon of Evolution	Monster	Insect	3	0	2000	40240595	999999	https://ms.yugipedia.com//b/bf/CocoonofEvolution-FMR-NA-VG.png
73	Kairyu-Shin	Monster	Sea Serpent	5	1800	1500	76634149	290	https://ms.yugipedia.com//4/49/KairyuShin-FMR-NA-VG.png
74	Giant Soldier of Stone	Monster	Rock	3	1300	2000	13039848	290	https://ms.yugipedia.com//f/f1/GiantSoldierofStone-FMR-NA-VG.png
75	Man-eating Plant	Monster	Plant	2	800	600	49127943	30	https://ms.yugipedia.com//b/b7/ManeatingPlant-FMR-NA-VG.png
76	Krokodilus	Monster	Reptile	4	1100	1200	76512652	80	https://ms.yugipedia.com//6/65/Krokodilus-FMR-NA-VG.png
77	Grappler	Monster	Reptile	4	1300	1200	2906250	100	https://ms.yugipedia.com//b/b4/Grappler-FMR-NA-VG.png
78	Axe Raider	Monster	Warrior	4	1700	1150	48305365	160	https://ms.yugipedia.com//8/87/AxeRaider-FMR-NA-VG.png
79	Megazowler	Monster	Dinosaur	6	1800	2000	75390004	500	https://ms.yugipedia.com//c/c8/Megazowler-FMR-NA-VG.png
80	Uraby	Monster	Dinosaur	4	1500	800	1784619	80	https://ms.yugipedia.com//a/aa/Uraby-FMR-NA-VG.png
81	Crawling Dragon #2	Monster	Dinosaur	4	1600	1200	38289717	160	https://ms.yugipedia.com//f/f8/CrawlingDragon2-FMR-NA-VG.png
82	Red-eyes B. Dragon	Monster	Dragon	7	2400	2000	74677422	999999	https://ms.yugipedia.com//b/b9/RedeyesBDragon-FMR-NA-VG.png
83	Castle of Dark Illusions	Monster	Fiend	4	920	1930	62121	160	https://ms.yugipedia.com//6/6d/CastleofDarkIllusions-FMR-NA-VG.png
84	Reaper of the Cards	Monster	Fiend	5	1380	1930	33066139	290	https://ms.yugipedia.com//5/58/ReaperoftheCards-FMR-NA-VG.png
85	King of Yamimakai	Monster	Fiend	5	2000	1530	69455834	350	https://ms.yugipedia.com//2/2a/KingofYamimakai-FMR-NA-VG.png
86	Barox	Monster	Fiend	5	1380	1530	6840573	180	https://ms.yugipedia.com//c/c7/Barox-FMR-NA-VG.png
87	Dark Chimera	Monster	Fiend	5	1610	1460	32344688	200	https://ms.yugipedia.com//7/7d/DarkChimera-FMR-NA-VG.png
88	Metal Guardian	Monster	Fiend	5	1150	2150	68339286	290	https://ms.yugipedia.com//3/3b/MetalGuardian-FMR-NA-VG.png
89	Catapult Turtle	Monster	Aqua	5	1000	2000	95727991	200	https://ms.yugipedia.com//3/36/CatapultTurtle-FMR-NA-VG.png
90	Gyakutenno Megami	Monster	Fairy	6	1800	2000	31122090	500	https://ms.yugipedia.com//6/65/GyakutennoMegami-FMR-NA-VG.png
91	Mystic Horseman	Monster	Beast	4	1300	1550	68516705	999999	https://ms.yugipedia.com//5/53/MysticHorseman-FMR-NA-VG.png
92	Rabid Horseman	Monster	Beast-Warrior	6	2000	1700	94905343	999999	https://ms.yugipedia.com//9/99/RabidHorseman-FMR-NA-VG.png
93	Zanki	Monster	Warrior	5	1500	1700	30090452	260	https://ms.yugipedia.com//b/b4/Zanki-FMR-NA-VG.png
94	Crawling Dragon	Monster	Dragon	5	1600	1400	67494157	200	https://ms.yugipedia.com//5/5f/CrawlingDragon-FMR-NA-VG.png
95	Crass Clown	Monster	Fiend	4	1350	1400	93889755	140	https://ms.yugipedia.com//b/b3/CrassClown-FMR-NA-VG.png
96	Armored Zombie	Monster	Zombie	3	1500	0	20277860	260	https://ms.yugipedia.com//8/8a/ArmoredZombie-FMR-NA-VG.png
97	Dragon Zombie	Monster	Zombie	3	1600	0	66672569	200	https://ms.yugipedia.com//7/72/DragonZombie-FMR-NA-VG.png
98	Clown Zombie	Monster	Zombie	2	1350	0	92667214	140	https://ms.yugipedia.com//1/1e/ClownZombie-FMR-NA-VG.png
99	Pumpking the King of Ghosts	Monster	Zombie	6	1800	2000	29155212	500	https://ms.yugipedia.com//4/46/PumpkingtheKingofGhosts-FMR-NA-VG.png
100	Battle Warrior	Monster	Warrior	3	700	1000	55550921	40	https://ms.yugipedia.com//6/62/BattleWarrior-FMR-NA-VG.png
101	Wings of Wicked Flame	Monster	Pyro	2	700	600	92944626	30	https://ms.yugipedia.com//a/a0/WingsofWickedFlame-FMR-NA-VG.png
102	Mask of Darkness	Monster	Fiend	2	900	400	28933734	30	https://ms.yugipedia.com//9/93/MaskofDarkness-FMR-NA-VG.png
103	Job-Change Mirror	Monster	Fiend	3	800	1300	55337339	999999	https://ms.yugipedia.com//f/f8/JobChangeMirror-FMR-NA-VG.png
104	Curtain of the Dark Ones	Monster	Spellcaster	2	600	500	22026707	25	https://ms.yugipedia.com//6/62/CurtainoftheDarkOnes-FMR-NA-VG.png
105	Tomozaurus	Monster	Dinosaur	2	500	400	46457856	20	https://ms.yugipedia.com//3/37/Tomozaurus-FMR-NA-VG.png
106	Spirit of the Winds	Monster	Spellcaster	5	1700	1400	54615781	230	https://ms.yugipedia.com//5/5b/SpiritoftheWinds-FMR-NA-VG.png
107	Kageningen	Monster	Warrior	2	800	600	80600490	30	https://ms.yugipedia.com//3/3b/Kageningen-FMR-NA-VG.png
108	Graveyard and the Hand of Invitation	Monster	Zombie	3	700	900	27094595	35	https://ms.yugipedia.com//c/cf/GraveyardandtheHandofInvitation-FMR-NA-VG.png
109	Goddess with the Third Eye	Monster	Fairy	4	1200	1000	53493204	70	https://ms.yugipedia.com//5/53/GoddesswiththeThirdEye-FMR-NA-VG.png
110	Hero of the East	Monster	Warrior	3	1100	1000	89987208	60	https://ms.yugipedia.com//1/13/HerooftheEast-FMR-NA-VG.png
111	Doma The Angel of Silence	Monster	Fairy	5	1600	1400	16972957	200	https://ms.yugipedia.com//d/d9/DomaTheAngelofSilence-FMR-NA-VG.png
112	That Which Feeds on Life	Monster	Fiend	4	1200	1000	52367652	70	https://ms.yugipedia.com//7/75/ThatWhichFeedsonLife-FMR-NA-VG.png
113	Dark Gray	Monster	Beast	3	800	900	9159938	40	https://ms.yugipedia.com//0/0e/DarkGray-FMR-NA-VG.png
114	White Magical Hat	Monster	Spellcaster	3	1000	700	15150365	40	https://ms.yugipedia.com//8/8c/WhiteMagicalHat-FMR-NA-VG.png
115	Kamion Wizard	Monster	Spellcaster	4	1300	1100	41544074	120	https://ms.yugipedia.com//d/d9/KamionWizard-FMR-NA-VG.png
116	Nightmare Scorpion	Monster	Insect	3	900	800	88643173	40	https://ms.yugipedia.com//0/01/NightmareScorpion-FMR-NA-VG.png
117	Spirit of the Books	Monster	Winged Beast	4	1400	1200	14037717	120	https://ms.yugipedia.com//1/11/SpiritoftheBooks-FMR-NA-VG.png
118	Supporter in the Shadows	Monster	Warrior	3	1000	1000	41422426	55	https://ms.yugipedia.com//2/2d/SupporterintheShadows-FMR-NA-VG.png
119	Trial of Nightmares	Monster	Fiend	4	1300	900	77827521	70	https://ms.yugipedia.com//6/6a/TrialofNightmares-FMR-NA-VG.png
120	Dream Clown	Monster	Warrior	3	1200	900	13215230	60	https://ms.yugipedia.com//9/95/DreamClown-FMR-NA-VG.png
121	Sleeping Lion	Monster	Beast	4	700	1700	40200834	120	https://ms.yugipedia.com//1/14/SleepingLion-FMR-NA-VG.png
122	Yamatano Dragon Scroll	Monster	Dragon	2	900	300	76704943	25	https://ms.yugipedia.com//0/08/YamatanoDragonScroll-FMR-NA-VG.png
123	Dark Plant	Monster	Plant	1	300	400	13193642	15	https://ms.yugipedia.com//2/29/DarkPlant-FMR-NA-VG.png
124	Ancient Tool	Monster	Machine	5	1700	1400	49587396	230	https://ms.yugipedia.com//4/47/AncientTool-FMR-NA-VG.png
125	Faith Bird	Monster	Winged Beast	4	1500	1100	75582395	120	https://ms.yugipedia.com//6/65/FaithBird-FMR-NA-VG.png
126	Orion the Battle King	Monster	Fairy	5	1800	1500	2971090	290	https://ms.yugipedia.com//8/84/OriontheBattleKing-FMR-NA-VG.png
127	Ansatsu	Monster	Warrior	5	1700	1200	48365709	180	https://ms.yugipedia.com//8/8d/Ansatsu-FMR-NA-VG.png
128	LaMoon	Monster	Spellcaster	5	1200	1700	75850803	180	https://ms.yugipedia.com//6/6b/LaMoon-FMR-NA-VG.png
129	Nemuriko	Monster	Spellcaster	3	800	700	90963488	30	https://ms.yugipedia.com//c/c4/Nemuriko-FMR-NA-VG.png
130	Weather Control	Monster	Fairy	2	600	400	37243151	20	https://ms.yugipedia.com//1/19/WeatherControl-FMR-NA-VG.png
131	Octoberser	Monster	Aqua	5	1600	1400	74637266	200	https://ms.yugipedia.com//2/22/Octoberser-FMR-NA-VG.png
132	The 13th Grave	Monster	Zombie	3	1200	900	32864	60	https://ms.yugipedia.com//d/d4/The13thGrave-FMR-NA-VG.png
133	Charubin the Fire Knight	Monster	Pyro	3	1100	800	37421579	50	https://ms.yugipedia.com//3/35/CharubintheFireKnight-FMR-NA-VG.png
134	Mystical Capture Chain	Monster	Fairy	2	700	700	63515678	30	https://ms.yugipedia.com//0/0f/MysticalCaptureChain-FMR-NA-VG.png
135	Fiend's Hand	Monster	Zombie	2	600	600	52800428	25	https://ms.yugipedia.com//1/18/FiendsHand-FMR-NA-VG.png
136	Witty Phantom	Monster	Fiend	4	1400	1300	36304921	140	https://ms.yugipedia.com//c/c0/WittyPhantom-FMR-NA-VG.png
137	Mystery Hand	Monster	Fiend	2	500	500	62793020	20	https://ms.yugipedia.com//f/f9/MysteryHand-FMR-NA-VG.png
138	Dragon Statue	Monster	Warrior	3	1100	900	9197735	55	https://ms.yugipedia.com//4/4c/DragonStatue-FMR-NA-VG.png
139	Blue-eyed Silver Zombie	Monster	Zombie	3	900	700	35282433	35	https://ms.yugipedia.com//c/ca/BlueeyedSilverZombie-FMR-NA-VG.png
140	Toad Master	Monster	Aqua	3	1000	1000	62671448	55	https://ms.yugipedia.com//9/90/ToadMaster-FMR-NA-VG.png
141	Spiked Snail	Monster	Insect	3	700	1300	98075147	55	https://ms.yugipedia.com//a/a3/SpikedSnail-FMR-NA-VG.png
142	Flame Manipulator	Monster	Spellcaster	3	900	1000	34460851	50	https://ms.yugipedia.com//1/1c/FlameManipulator-FMR-NA-VG.png
143	Necrolancer the Timelord	Monster	Spellcaster	3	800	900	61454890	40	https://ms.yugipedia.com//0/00/NecrolancertheTimelord-FMR-NA-VG.png
144	Djinn the Watcher of the Wind	Monster	Spellcaster	3	700	900	97843505	35	https://ms.yugipedia.com//6/66/DjinntheWatcheroftheWind-FMR-NA-VG.png
145	The Bewitching Phantom Thief	Monster	Spellcaster	2	700	700	24348204	30	https://ms.yugipedia.com//2/2e/TheBewitchingPhantomThief-FMR-NA-VG.png
146	Temple of Skulls	Monster	Zombie	4	900	1300	732302	70	https://ms.yugipedia.com//a/ae/TempleofSkulls-FMR-NA-VG.png
147	Monster Egg	Monster	Warrior	3	600	900	36121917	999999	https://ms.yugipedia.com//1/1d/MonsterEgg-FMR-NA-VG.png
148	The Shadow Who Controls the Dark	Monster	Fiend	3	800	700	63125616	30	https://ms.yugipedia.com//0/06/TheShadowWhoControlstheDark-FMR-NA-VG.png
149	Lord of the Lamp	Monster	Fiend	4	1400	1200	99510761	120	https://ms.yugipedia.com//1/11/LordoftheLamp-FMR-NA-VG.png
150	Akihiron	Monster	Aqua	5	1700	1400	36904469	230	https://ms.yugipedia.com//7/77/Akihiron-FMR-NA-VG.png
151	Rhaimundos of the Red Sword	Monster	Warrior	4	1200	1300	62403074	100	https://ms.yugipedia.com//f/f8/RhaimundosoftheRedSword-FMR-NA-VG.png
152	The Melting Red Shadow	Monster	Aqua	2	500	700	98898173	25	https://ms.yugipedia.com//f/f1/TheMeltingRedShadow-FMR-NA-VG.png
153	Dokuroizo the Grim Reaper	Monster	Zombie	3	900	1200	25882881	60	https://ms.yugipedia.com//f/fb/DokuroizotheGrimReaper-FMR-NA-VG.png
154	Fire Reaper	Monster	Zombie	2	700	500	53581214	25	https://ms.yugipedia.com//f/fd/FireReaper-FMR-NA-VG.png
155	Larvas	Monster	Beast	3	800	1000	94675535	45	https://ms.yugipedia.com//9/97/Larvas-FMR-NA-VG.png
156	Hard Armor	Monster	Warrior	3	300	1200	20060230	30	https://ms.yugipedia.com//e/e9/HardArmor-FMR-NA-VG.png
157	Firegrass	Monster	Plant	2	700	600	53293545	30	https://ms.yugipedia.com//b/b1/Firegrass-FMR-NA-VG.png
158	Man Eater	Monster	Plant	2	800	600	93553943	30	https://ms.yugipedia.com//4/4a/ManEater-FMR-NA-VG.png
159	Dig Beak	Monster	Beast	2	500	800	29948642	30	https://ms.yugipedia.com//f/f1/DigBeak-FMR-NA-VG.png
160	M-warrior #1	Monster	Warrior	3	1000	500	56342351	30	https://ms.yugipedia.com//4/4e/Mwarrior1-FMR-NA-VG.png
161	M-warrior #2	Monster	Warrior	3	500	1000	92731455	30	https://ms.yugipedia.com//3/3b/Mwarrior2-FMR-NA-VG.png
162	Tainted Wisdom	Monster	Fiend	3	1250	800	28725004	55	https://ms.yugipedia.com//5/5d/TaintedWisdom-FMR-NA-VG.png
163	Lisark	Monster	Beast	4	1300	1300	55210709	120	https://ms.yugipedia.com//5/51/Lisark-FMR-NA-VG.png
164	Lord of Zemia	Monster	Fiend	4	1300	1000	81618817	80	https://ms.yugipedia.com//f/fe/LordofZemia-FMR-NA-VG.png
165	The Judgement Hand	Monster	Warrior	3	1400	700	28003512	60	https://ms.yugipedia.com//d/d3/TheJudgementHand-FMR-NA-VG.png
166	Mysterious Puppeteer	Monster	Warrior	4	1000	1500	54098121	100	https://ms.yugipedia.com//6/6a/MysteriousPuppeteer-FMR-NA-VG.png
167	Ancient Jar	Monster	Rock	1	400	200	81492226	15	https://ms.yugipedia.com//4/42/AncientJar-FMR-NA-VG.png
168	Darkfire Dragon	Monster	Dragon	4	1500	1250	17881964	140	https://ms.yugipedia.com//8/87/DarkfireDragon-FMR-NA-VG.png
169	Dark King of the Abyss	Monster	Fiend	3	1200	800	53375573	55	https://ms.yugipedia.com//f/f6/DarkKingoftheAbyss-FMR-NA-VG.png
170	Spirit of the Harp	Monster	Fairy	4	800	2000	80770678	160	https://ms.yugipedia.com//3/32/SpiritoftheHarp-FMR-NA-VG.png
171	Big Eye	Monster	Fiend	4	1200	1000	16768387	70	https://ms.yugipedia.com//8/85/BigEye-FMR-NA-VG.png
172	Armaill	Monster	Warrior	3	700	1300	53153481	55	https://ms.yugipedia.com//0/08/Armaill-FMR-NA-VG.png
173	Dark Prisoner	Monster	Fiend	3	600	1000	89558090	35	https://ms.yugipedia.com//b/b1/DarkPrisoner-FMR-NA-VG.png
174	Hurricail	Monster	Spellcaster	2	900	200	15042735	25	https://ms.yugipedia.com//5/5e/Hurricail-FMR-NA-VG.png
175	Ancient Brain	Monster	Fiend	3	1000	700	42431843	40	https://ms.yugipedia.com//1/16/AncientBrain-FMR-NA-VG.png
176	Fire Eye	Monster	Pyro	2	800	600	88435542	30	https://ms.yugipedia.com//5/57/FireEye-FMR-NA-VG.png
177	Monsturtle	Monster	Aqua	3	800	1000	15820147	45	https://ms.yugipedia.com//f/f1/Monsturtle-FMR-NA-VG.png
178	Claw Reacher	Monster	Fiend	3	1000	800	41218256	45	https://ms.yugipedia.com//8/86/ClawReacher-FMR-NA-VG.png
179	Phantom Dewan	Monster	Spellcaster	2	700	600	77603950	30	https://ms.yugipedia.com//6/69/PhantomDewan-FMR-NA-VG.png
180	Arlownay	Monster	Plant	3	800	1000	14708569	45	https://ms.yugipedia.com//3/39/Arlownay-FMR-NA-VG.png
181	Dark Shade	Monster	Fiend	3	1000	1000	40196604	55	https://ms.yugipedia.com//0/07/DarkShade-FMR-NA-VG.png
182	Masked Clown	Monster	Warrior	2	500	700	77581312	25	https://ms.yugipedia.com//6/67/MaskedClown-FMR-NA-VG.png
183	Lucky Trinket	Monster	Spellcaster	2	600	800	3985011	30	https://ms.yugipedia.com//a/a6/LuckyTrinket-FMR-NA-VG.png
184	Genin	Monster	Spellcaster	3	600	900	49370026	30	https://ms.yugipedia.com//0/0a/Genin-FMR-NA-VG.png
185	Eyearmor	Monster	Warrior	2	600	500	64511793	25	https://ms.yugipedia.com//a/a7/Eyearmor-FMR-NA-VG.png
186	Fiend Refrection #2	Monster	Winged Beast	4	1100	1400	2863439	100	https://ms.yugipedia.com//9/9c/FiendRefrection2-FMR-NA-VG.png
187	Gate Deeg	Monster	Beast	3	700	800	49258578	30	https://ms.yugipedia.com//3/33/GateDeeg-FMR-NA-VG.png
188	Synchar	Monster	Beast	3	800	900	75646173	40	https://ms.yugipedia.com//c/c3/Synchar-FMR-NA-VG.png
189	Fusionist	Monster	Beast	3	900	700	1641882	35	https://ms.yugipedia.com//4/45/Fusionist-FMR-NA-VG.png
190	Akakieisu	Monster	Spellcaster	3	1000	800	38035986	45	https://ms.yugipedia.com//e/e8/Akakieisu-FMR-NA-VG.png
191	LALA Li-oon	Monster	Thunder	2	600	600	9430387	25	https://ms.yugipedia.com//1/18/LALALioon-FMR-NA-VG.png
192	Key Mace	Monster	Fairy	1	400	300	1929294	15	https://ms.yugipedia.com//6/6a/KeyMace-FMR-NA-VG.png
193	Turtle Tiger	Monster	Aqua	4	1000	1500	37313348	100	https://ms.yugipedia.com//4/42/TurtleTiger-FMR-NA-VG.png
194	Terra the Terrible	Monster	Fiend	4	1200	1300	63308047	100	https://ms.yugipedia.com//4/4d/TerratheTerrible-FMR-NA-VG.png
195	Doron	Monster	Warrior	2	900	500	756652	30	https://ms.yugipedia.com//7/74/Doron-FMR-NA-VG.png
196	Arma Knight	Monster	Aqua	4	1000	1200	36151751	70	https://ms.yugipedia.com//f/f4/ArmaKnight-FMR-NA-VG.png
197	Mech Mole Zombie	Monster	Zombie	2	500	400	63545455	20	https://ms.yugipedia.com//d/d2/MechMoleZombie-FMR-NA-VG.png
198	Happy Lover	Monster	Fairy	2	800	500	99030164	30	https://ms.yugipedia.com//3/3a/HappyLover-FMR-NA-VG.png
199	Penguin Knight	Monster	Aqua	3	900	800	36039163	40	https://ms.yugipedia.com//5/53/PenguinKnight-FMR-NA-VG.png
200	Petit Dragon	Monster	Dragon	2	600	700	75356564	30	https://ms.yugipedia.com//b/b4/PetitDragon-FMR-NA-VG.png
201	Frenzied Panda	Monster	Beast	4	1200	1000	98818516	70	https://ms.yugipedia.com//a/a6/FrenziedPanda-FMR-NA-VG.png
202	Air Marmot of Nefariousness	Monster	Beast	2	400	600	75889523	20	https://ms.yugipedia.com//d/d8/AirMarmotofNefariousness-FMR-NA-VG.png
203	Phantom Ghost	Monster	Zombie	2	600	800	61201220	30	https://ms.yugipedia.com//f/f1/PhantomGhost-FMR-NA-VG.png
204	Mabarrel	Monster	Fiend	5	1700	1400	98795934	230	https://ms.yugipedia.com//f/fb/Mabarrel-FMR-NA-VG.png
205	Dorover	Monster	Aqua	3	900	800	24194033	40	https://ms.yugipedia.com//3/37/Dorover-FMR-NA-VG.png
206	Twin Long Rods #1	Monster	Aqua	3	900	700	60589682	35	https://ms.yugipedia.com//9/91/TwinLongRods1-FMR-NA-VG.png
207	Droll Bird	Monster	Winged Beast	2	600	500	97973387	25	https://ms.yugipedia.com//9/98/DrollBird-FMR-NA-VG.png
208	Petit Angel	Monster	Fairy	3	600	900	38142739	30	https://ms.yugipedia.com//c/cf/PetitAngel-FMR-NA-VG.png
209	Winged Cleaver	Monster	Insect	2	700	700	39175982	30	https://ms.yugipedia.com//a/ab/WingedCleaver-FMR-NA-VG.png
210	Hinotama Soul	Monster	Pyro	2	600	500	96851799	25	https://ms.yugipedia.com//1/16/HinotamaSoul-FMR-NA-VG.png
211	Kaminarikozou	Monster	Thunder	2	700	600	15510988	30	https://ms.yugipedia.com//b/bd/Kaminarikozou-FMR-NA-VG.png
212	Meotoko	Monster	Beast	2	700	600	53832650	30	https://ms.yugipedia.com//d/dc/Meotoko-FMR-NA-VG.png
213	Aqua Madoor	Monster	Spellcaster	4	1200	2000	85639257	250	https://ms.yugipedia.com//2/26/AquaMadoor-FMR-NA-VG.png
214	Kagemusha of the Blue Flame	Monster	Warrior	2	800	400	15401633	25	https://ms.yugipedia.com//5/5b/KagemushaoftheBlueFlame-FMR-NA-VG.png
215	Flame Ghost	Monster	Zombie	3	1000	800	58528964	45	https://ms.yugipedia.com//2/28/FlameGhost-FMR-NA-VG.png
216	Dryad	Monster	Spellcaster	4	1200	1400	84916669	120	https://ms.yugipedia.com//7/7e/Dryad-FMR-NA-VG.png
217	B. Skull Dragon	Monster	Dragon	9	3200	2500	11901678	999999	https://ms.yugipedia.com//6/6f/BSkullDragon-FMR-NA-VG.png
218	Two-mouth Darkruler	Monster	Dinosaur	3	900	700	57305373	35	https://ms.yugipedia.com//1/16/TwomouthDarkruler-FMR-NA-VG.png
219	Solitude	Monster	Beast-Warrior	3	1050	1000	84794011	55	https://ms.yugipedia.com//8/82/Solitude-FMR-NA-VG.png
220	Masked Sorcerer	Monster	Spellcaster	4	900	1400	10189126	80	https://ms.yugipedia.com//f/fc/MaskedSorcerer-FMR-NA-VG.png
221	Kumootoko	Monster	Insect	3	700	1400	56283725	60	https://ms.yugipedia.com//c/c2/Kumootoko-FMR-NA-VG.png
222	Midnight Fiend	Monster	Fiend	2	800	600	83678433	30	https://ms.yugipedia.com//a/a1/MidnightFiend-FMR-NA-VG.png
223	Roaring Ocean Snake	Monster	Aqua	6	2100	1800	19066538	550	https://ms.yugipedia.com//c/cf/RoaringOceanSnake-FMR-NA-VG.png
224	Trap Master	Monster	Warrior	3	500	1100	46461247	35	https://ms.yugipedia.com//2/2c/TrapMaster-FMR-NA-VG.png
225	Fiend Sword	Monster	Warrior	4	1400	800	22855882	70	https://ms.yugipedia.com//3/31/FiendSword-FMR-NA-VG.png
226	Skull Stalker	Monster	Warrior	3	900	800	54844990	40	https://ms.yugipedia.com//b/b4/SkullStalker-FMR-NA-VG.png
227	Hitodenchak	Monster	Aqua	2	600	700	46718686	30	https://ms.yugipedia.com//8/82/Hitodenchak-FMR-NA-VG.png
228	Wood Remains	Monster	Zombie	3	1000	900	17733394	50	https://ms.yugipedia.com//5/5a/WoodRemains-FMR-NA-VG.png
229	Hourglass of Life	Monster	Fairy	2	700	600	8783685	30	https://ms.yugipedia.com//0/03/HourglassofLife-FMR-NA-VG.png
230	Rare Fish	Monster	Fish	4	1500	1200	80516007	140	https://ms.yugipedia.com//1/1d/RareFish-FMR-NA-VG.png
231	Wood Clown	Monster	Warrior	3	800	1200	17511156	55	https://ms.yugipedia.com//8/81/WoodClown-FMR-NA-VG.png
232	Madjinn Gunn	Monster	Fiend	2	600	800	43905751	30	https://ms.yugipedia.com//c/ce/MadjinnGunn-FMR-NA-VG.png
233	Dark Titan of Terror	Monster	Fiend	4	1300	1100	89494469	120	https://ms.yugipedia.com//d/dc/DarkTitanofTerror-FMR-NA-VG.png
234	Beautiful Headhuntress	Monster	Warrior	4	1600	800	16899564	120	https://ms.yugipedia.com//b/b8/BeautifulHeadhuntress-FMR-NA-VG.png
235	Wodan the Resident of the Forest	Monster	Warrior	3	900	1200	42883273	999999	https://ms.yugipedia.com//1/10/WodantheResidentoftheForest-FMR-NA-VG.png
236	Guardian of the Labyrinth	Monster	Warrior	4	1000	1200	89272878	70	https://ms.yugipedia.com//c/c5/GuardianoftheLabyrinth-FMR-NA-VG.png
237	Haniwa	Monster	Rock	2	500	500	84285623	20	https://ms.yugipedia.com//c/c4/Haniwa-FMR-NA-VG.png
238	Yashinoki	Monster	Plant	2	800	600	41061625	30	https://ms.yugipedia.com//0/0c/Yashinoki-FMR-NA-VG.png
239	Vishwar Randi	Monster	Warrior	3	900	700	78556320	35	https://ms.yugipedia.com//a/a8/VishwarRandi-FMR-NA-VG.png
240	The Drdek	Monster	Fiend	3	700	800	8944575	30	https://ms.yugipedia.com//4/47/TheDrdek-FMR-NA-VG.png
241	Dark Assailant	Monster	Zombie	4	1200	1200	41949033	120	https://ms.yugipedia.com//7/75/DarkAssailant-FMR-NA-VG.png
242	Candle of Fate	Monster	Fiend	2	600	600	47695416	25	https://ms.yugipedia.com//1/19/CandleofFate-FMR-NA-VG.png
243	Water Element	Monster	Aqua	3	900	700	3732747	35	https://ms.yugipedia.com//8/85/WaterElement-FMR-NA-VG.png
244	Dissolverock	Monster	Rock	3	900	1000	40826495	50	https://ms.yugipedia.com//5/52/Dissolverock-FMR-NA-VG.png
245	Meda Bat	Monster	Fiend	2	800	400	76211194	25	https://ms.yugipedia.com//0/0e/MedaBat-FMR-NA-VG.png
246	One Who Hunts Souls	Monster	Beast-Warrior	4	1100	1000	3606209	60	https://ms.yugipedia.com//9/92/OneWhoHuntsSouls-FMR-NA-VG.png
247	Root Water	Monster	Fish	3	900	800	39004808	40	https://ms.yugipedia.com//a/ab/RootWater-FMR-NA-VG.png
248	Master & Expert	Monster	Beast	4	1200	1000	75499502	70	https://ms.yugipedia.com//8/84/MasterExpert-FMR-NA-VG.png
249	Water Omotics	Monster	Aqua	4	1400	1200	2483611	120	https://ms.yugipedia.com//6/6a/WaterOmotics-FMR-NA-VG.png
250	Hyo	Monster	Warrior	3	800	1200	38982356	55	https://ms.yugipedia.com//0/0d/Hyo-FMR-NA-VG.png
251	Enchanting Mermaid	Monster	Fish	3	1200	900	75376965	60	https://ms.yugipedia.com//4/41/EnchantingMermaid-FMR-NA-VG.png
252	Nekogal #1	Monster	Beast	3	1100	900	1761063	999999	https://ms.yugipedia.com//6/60/Nekogal1-FMR-NA-VG.png
253	Angelwitch	Monster	Spellcaster	3	800	1000	37160778	45	https://ms.yugipedia.com//1/1c/Angelwitch-FMR-NA-VG.png
254	Embryonic Beast	Monster	Fiend	2	500	750	64154377	25	https://ms.yugipedia.com//a/ae/EmbryonicBeast-FMR-NA-VG.png
255	Prevent Rat	Monster	Beast	4	500	2000	549481	100	https://ms.yugipedia.com//b/b8/PreventRat-FMR-NA-VG.png
256	Dimensional Warrior	Monster	Warrior	4	1200	1000	37043180	70	https://ms.yugipedia.com//b/bf/DimensionalWarrior-FMR-NA-VG.png
257	Stone Armadiller	Monster	Rock	3	800	1200	63432835	55	https://ms.yugipedia.com//c/c8/StoneArmadiller-FMR-NA-VG.png
258	Beastking of the Swamps	Monster	Aqua	4	1000	1100	99426834	60	https://ms.yugipedia.com//f/f8/BeastkingoftheSwamps-FMR-NA-VG.png
259	Ancient Sorcerer	Monster	Spellcaster	4	1000	1300	36821538	80	https://ms.yugipedia.com//8/81/AncientSorcerer-FMR-NA-VG.png
260	Lunar Queen Elzaim	Monster	Fairy	3	750	1100	62210247	45	https://ms.yugipedia.com//0/07/LunarQueenElzaim-FMR-NA-VG.png
261	Wicked Mirror	Monster	Fiend	2	700	600	15150371	30	https://ms.yugipedia.com//5/50/WickedMirror-FMR-NA-VG.png
262	The Little Swordsman of Aile	Monster	Warrior	3	800	1300	25109950	60	https://ms.yugipedia.com//3/34/TheLittleSwordsmanofAile-FMR-NA-VG.png
263	Rock Ogre Grotto #2	Monster	Rock	3	700	1400	62193699	60	https://ms.yugipedia.com//2/2c/RockOgreGrotto2-FMR-NA-VG.png
264	Wing Egg Elf	Monster	Fairy	3	500	1300	98582704	45	https://ms.yugipedia.com//7/7b/WingEggElf-FMR-NA-VG.png
265	The Furious Sea King	Monster	Aqua	3	800	700	18710707	30	https://ms.yugipedia.com//5/5e/TheFuriousSeaKing-FMR-NA-VG.png
266	Princess of Tsurugi	Monster	Warrior	3	900	700	51371017	35	https://ms.yugipedia.com//1/13/PrincessofTsurugi-FMR-NA-VG.png
267	Unknown Warrior of Fiend	Monster	Warrior	3	1000	500	97360116	30	https://ms.yugipedia.com//1/19/UnknownWarriorofFiend-FMR-NA-VG.png
268	Sectarian of Secrets	Monster	Spellcaster	2	700	500	15507080	25	https://ms.yugipedia.com//8/81/SectarianofSecrets-FMR-NA-VG.png
269	Versago the Destroyer	Monster	Fiend	3	1100	900	50259460	55	https://ms.yugipedia.com//9/99/VersagotheDestroyer-FMR-NA-VG.png
270	Wetha	Monster	Aqua	3	1000	900	96643568	50	https://ms.yugipedia.com//c/c6/Wetha-FMR-NA-VG.png
271	Megirus Light	Monster	Fiend	3	900	600	23032273	30	https://ms.yugipedia.com//c/ca/MegirusLight-FMR-NA-VG.png
272	Mavelus	Monster	Winged Beast	4	1300	900	59036972	70	https://ms.yugipedia.com//4/42/Mavelus-FMR-NA-VG.png
273	Ancient Tree of Enlightenment	Monster	Plant	3	600	1500	86421986	60	https://ms.yugipedia.com//f/ff/AncientTreeofEnlightenment-FMR-NA-VG.png
274	Green Phantom King	Monster	Plant	3	500	1600	22910685	60	https://ms.yugipedia.com//5/58/GreenPhantomKing-FMR-NA-VG.png
275	Ground Attacker Bugroth	Monster	Machine	4	1500	1000	58314394	100	https://ms.yugipedia.com//8/83/GroundAttackerBugroth-FMR-NA-VG.png
276	Ray & Temperature	Monster	Fairy	3	1000	1000	85309439	55	https://ms.yugipedia.com//b/be/RayTemperature-FMR-NA-VG.png
277	Gorgon Egg	Monster	Fiend	3	300	1300	11793047	35	https://ms.yugipedia.com//6/69/GorgonEgg-FMR-NA-VG.png
278	Petit Moth	Monster	Insect	1	300	200	58192742	10	https://ms.yugipedia.com//3/33/PetitMoth-FMR-NA-VG.png
279	King Fog	Monster	Fiend	3	1000	900	84686841	50	https://ms.yugipedia.com//9/97/KingFog-FMR-NA-VG.png
280	Protector of the Throne	Monster	Warrior	4	800	1500	10071456	80	https://ms.yugipedia.com//5/54/ProtectoroftheThrone-FMR-NA-VG.png
281	Mystic Clown	Monster	Fiend	4	1500	1000	47060154	100	https://ms.yugipedia.com//2/23/MysticClown-FMR-NA-VG.png
282	Mystical Sheep #2	Monster	Beast	3	800	1000	83464209	45	https://ms.yugipedia.com//e/eb/MysticalSheep2-FMR-NA-VG.png
283	Holograh	Monster	Machine	3	1100	700	10859908	45	https://ms.yugipedia.com//b/b6/Holograh-FMR-NA-VG.png
284	Tao the Chanter	Monster	Spellcaster	3	1200	900	46247516	999999	https://ms.yugipedia.com//b/b9/TaotheChanter-FMR-NA-VG.png
285	Serpent Marauder	Monster	Reptile	2	700	600	82742611	30	https://ms.yugipedia.com//3/3f/SerpentMarauder-FMR-NA-VG.png
286	Gatekeeper	Monster	Machine	5	1500	1800	19737320	290	https://ms.yugipedia.com//6/66/Gatekeeper-FMR-NA-VG.png
287	Ogre of the Black Shadow	Monster	Beast-Warrior	4	1200	1400	45121025	120	https://ms.yugipedia.com//2/2e/OgreoftheBlackShadow-FMR-NA-VG.png
288	Dark Artist	Monster	Fiend	3	600	1400	72520073	999999	https://ms.yugipedia.com//d/da/DarkArtist-FMR-NA-VG.png
289	Change Slime	Monster	Aqua	1	400	300	18914778	15	https://ms.yugipedia.com//a/a7/ChangeSlime-FMR-NA-VG.png
290	Moon Envoy	Monster	Warrior	4	1100	1000	45909477	60	https://ms.yugipedia.com//0/05/MoonEnvoy-FMR-NA-VG.png
291	Fireyarou	Monster	Pyro	4	1300	1000	71407486	80	https://ms.yugipedia.com//a/a5/Fireyarou-FMR-NA-VG.png
292	Psychic Kappa	Monster	Aqua	2	400	1000	7892180	30	https://ms.yugipedia.com//d/d7/PsychicKappa-FMR-NA-VG.png
293	Masaki the Legendary Swordsman	Monster	Warrior	4	1100	1100	44287299	70	https://ms.yugipedia.com//e/e3/MasakitheLegendarySwordsman-FMR-NA-VG.png
294	Dragoness the Wicked Knight	Monster	Warrior	3	1200	900	70681994	60	https://ms.yugipedia.com//b/b0/DragonesstheWickedKnight-FMR-NA-VG.png
295	Bio Plant	Monster	Fiend	3	600	1300	7670542	50	https://ms.yugipedia.com//c/ca/BioPlant-FMR-NA-VG.png
296	One-eyed Shield Dragon	Monster	Dragon	3	700	1300	33064647	55	https://ms.yugipedia.com//7/78/OneeyedShieldDragon-FMR-NA-VG.png
297	Cyber Soldier of Darkworld	Monster	Machine	4	1400	1200	75559356	120	https://ms.yugipedia.com//3/30/CyberSoldierofDarkworld-FMR-NA-VG.png
298	Wicked Dragon with the Ersatz Head	Monster	Dragon	3	900	900	2957055	45	https://ms.yugipedia.com//a/a9/WickedDragonwiththeErsatzHead-FMR-NA-VG.png
299	Sonic Maid	Monster	Warrior	3	1200	900	38942059	999999	https://ms.yugipedia.com//2/2c/SonicMaid-FMR-NA-VG.png
300	Kurama	Monster	Winged Beast	3	800	800	85705804	35	https://ms.yugipedia.com//1/15/Kurama-FMR-NA-VG.png
301	Legendary Sword	Equip					61854111	800	https://ms.yugipedia.com//1/1a/LegendarySword-FMR-NA-VG.png
302	Sword of Dark Destruction	Equip					37120512	800	https://ms.yugipedia.com//1/1c/SwordofDarkDestruction-FMR-NA-VG.png
303	Dark Energy	Equip					4614116	800	https://ms.yugipedia.com//7/74/DarkEnergy-FMR-NA-VG.png
304	Axe of Despair	Equip					40619825	800	https://ms.yugipedia.com//3/34/AxeofDespair-FMR-NA-VG.png
305	Laser Cannon Armor	Equip					77007920	800	https://ms.yugipedia.com//6/67/LaserCannonArmor-FMR-NA-VG.png
306	Insect Armor with Laser Cannon	Equip					3492538	800	https://ms.yugipedia.com//c/cc/InsectArmorwithLaserCannon-FMR-NA-VG.png
307	Elf's Light	Equip					39897277	800	https://ms.yugipedia.com//9/97/ElfsLight-FMR-NA-VG.png
308	Beast Fangs	Equip					46009906	800	https://ms.yugipedia.com//7/71/BeastFangs-FMR-NA-VG.png
309	Steel Shell	Equip					2370081	800	https://ms.yugipedia.com//0/08/SteelShell-FMR-NA-VG.png
310	Vile Germs	Equip					39774685	800	https://ms.yugipedia.com//f/f9/VileGerms-FMR-NA-VG.png
311	Black Pendant	Equip					65169794	800	https://ms.yugipedia.com//2/25/BlackPendant-FMR-NA-VG.png
312	Silver Bow and Arrow	Equip					1557499	800	https://ms.yugipedia.com//4/4a/SilverBowandArrow-FMR-NA-VG.png
313	Horn of Light	Equip					38552107	800	https://ms.yugipedia.com//8/8e/HornofLight-FMR-NA-VG.png
314	Horn of the Unicorn	Equip					64047146	800	https://ms.yugipedia.com//7/79/HornoftheUnicorn-FMR-NA-VG.png
315	Dragon Treasure	Equip					1435851	800	https://ms.yugipedia.com//e/eb/DragonTreasure-FMR-NA-VG.png
316	Electro-whip	Equip					37820550	800	https://ms.yugipedia.com//4/43/Electrowhip-FMR-NA-VG.png
317	Cyber Shield	Equip					63224564	800	https://ms.yugipedia.com//4/46/CyberShield-FMR-NA-VG.png
318	Elegant Egotist	Equip					90219263	999999	https://ms.yugipedia.com//5/58/ElegantEgotist-FMR-NA-VG.png
319	Mystical Moon	Equip					36607978	800	https://ms.yugipedia.com//3/32/MysticalMoon-FMR-NA-VG.png
320	Stop Defense	Magic					63102017	800	https://ms.yugipedia.com//d/d5/StopDefense-FMR-NA-VG.png
321	Malevolent Nuzzler	Equip					99597615	800	https://ms.yugipedia.com//3/32/MalevolentNuzzler-FMR-NA-VG.png
322	Violet Crystal	Equip					15052462	800	https://ms.yugipedia.com//d/df/VioletCrystal-FMR-NA-VG.png
323	Book of Secret Arts	Equip					91595718	800	https://ms.yugipedia.com//a/a4/BookofSecretArts-FMR-NA-VG.png
324	Invigoration	Equip					98374133	800	https://ms.yugipedia.com//1/11/Invigoration-FMR-NA-VG.png
325	Machine Conversion Factory	Equip					25769732	999999	https://ms.yugipedia.com//8/8f/MachineConversionFactory-FMR-NA-VG.png
326	Raise Body Heat	Equip					51267887	800	https://ms.yugipedia.com//4/47/RaiseBodyHeat-FMR-NA-VG.png
327	Follow Wind	Equip					98252586	800	https://ms.yugipedia.com//7/73/FollowWind-FMR-NA-VG.png
328	Power of Kaishin	Equip					77027445	800	https://ms.yugipedia.com//d/df/PowerofKaishin-FMR-NA-VG.png
329	Dragon Capture Jar	Magic					50045299	999999	https://ms.yugipedia.com//c/c8/DragonCaptureJar-FMR-NA-VG.png
330	Forest	Field					87430998	55	https://ms.yugipedia.com//8/8e/Forest-FMR-NA-VG.png
331	Wasteland	Field					23424603	55	https://ms.yugipedia.com//1/1e/Wasteland-FMR-NA-VG.png
332	Mountain	Field					50913601	55	https://ms.yugipedia.com//8/87/Mountain-FMR-NA-VG.png
333	Sogen	Field					86318356	55	https://ms.yugipedia.com//3/35/Sogen-FMR-NA-VG.png
334	Umi	Field					22702055	55	https://ms.yugipedia.com//b/b7/Umi-FMR-NA-VG.png
335	Yami	Field					59197169	55	https://ms.yugipedia.com//e/e3/Yami-FMR-NA-VG.png
336	Dark Hole	Magic					53129443	20000	https://ms.yugipedia.com//6/68/DarkHole-FMR-NA-VG.png
337	Raigeki	Magic					12580477	999999	https://ms.yugipedia.com//6/62/Raigeki-FMR-NA-VG.png
338	Mooyan Curry	Magic					58074572	999999	https://ms.yugipedia.com//3/35/MooyanCurry-FMR-NA-VG.png
339	Red Medicine	Magic					38199696	55	https://ms.yugipedia.com//b/b5/RedMedicine-FMR-NA-VG.png
340	Goblin's Secret Remedy	Magic					11868825	20000	https://ms.yugipedia.com//8/8e/GoblinsSecretRemedy-FMR-NA-VG.png
341	Soul of the Pure	Magic					47852924	35000	https://ms.yugipedia.com//f/f3/SoulofthePure-FMR-NA-VG.png
342	Dian Keto the Cure Master	Magic					84257639	999999	https://ms.yugipedia.com//f/f7/DianKetotheCureMaster-FMR-NA-VG.png
343	Sparks	Magic					76103675	10	https://ms.yugipedia.com//9/9c/Sparks-FMR-NA-VG.png
344	Hinotama	Magic					46130346	55	https://ms.yugipedia.com//b/b9/Hinotama-FMR-NA-VG.png
345	Final Flame	Magic					73134081	20000	https://ms.yugipedia.com//8/82/FinalFlame-FMR-NA-VG.png
346	Ookazi	Magic					19523799	35000	https://ms.yugipedia.com//c/c5/Ookazi-FMR-NA-VG.png
347	Tremendous Fire	Magic					46918794	999999	https://ms.yugipedia.com//1/10/TremendousFire-FMR-NA-VG.png
348	Swords of Revealing Light	Magic					72302403	999999	https://ms.yugipedia.com//1/14/SwordsofRevealingLight-FMR-NA-VG.png
349	Spellbinding Circle	Magic					18807108	999999	https://ms.yugipedia.com//5/5f/SpellbindingCircle-FMR-NA-VG.png
350	Dark-piercing Light	Magic					45895206	999999	https://ms.yugipedia.com//d/dc/DarkpiercingLight-FMR-NA-VG.png
351	Yaranzo	Monster	Zombie	4	1300	1500	71280811	160	https://ms.yugipedia.com//7/77/Yaranzo-FMR-NA-VG.png
352	Kanan the Swordmistress	Monster	Warrior	4	1400	1400	12829151	160	https://ms.yugipedia.com//e/ea/KanantheSwordmistress-FMR-NA-VG.png
353	Takriminos	Monster	Sea Serpent	4	1500	1200	44073668	140	https://ms.yugipedia.com//1/19/Takriminos-FMR-NA-VG.png
354	Stuffed Animal	Monster	Warrior	3	1200	900	71068263	60	https://ms.yugipedia.com//2/23/StuffedAnimal-FMR-NA-VG.png
355	Megasonic Eye	Monster	Machine	5	1500	1800	7562372	290	https://ms.yugipedia.com//4/4f/MegasonicEye-FMR-NA-VG.png
356	Super War-lion	Monster	Beast	7	2300	2100			https://ms.yugipedia.com//c/cb/SuperWarlion-FMR-NA-VG.png
357	Yamadron	Monster	Dragon	5	1600	1800	70345785	320	https://ms.yugipedia.com//d/d0/Yamadron-FMR-NA-VG.png
358	Seiyaryu	Monster	Dragon	7	2500	2300	6740720	1700	https://ms.yugipedia.com//1/14/Seiyaryu-FMR-NA-VG.png
359	Three-legged Zombies	Monster	Zombie	3	1100	800	33734439	50	https://ms.yugipedia.com//1/13/ThreeleggedZombies-FMR-NA-VG.png
360	Zera The Mant	Monster	Fiend	8	2800	2300			https://ms.yugipedia.com//1/13/ZeraTheMant-FMR-NA-VG.png
361	Flying Penguin	Monster	Aqua	4	1200	1000	5628232	70	https://ms.yugipedia.com//1/1d/FlyingPenguin-FMR-NA-VG.png
362	Millennium Shield	Monster	Warrior	5	0	3000	32012841	200	https://ms.yugipedia.com//7/7c/MillenniumShield-FMR-NA-VG.png
363	Fairy's Gift	Monster	Spellcaster	4	1400	1000	68401546	120	https://ms.yugipedia.com//3/3d/FairysGift-FMR-NA-VG.png
364	Black Luster Soldier	Monster	Warrior	8	3000	2500			https://ms.yugipedia.com//a/a7/BlackLusterSoldier-FMR-NA-VG.png
365	Fiend's Mirror	Monster	Fiend	6	2100	1800			https://ms.yugipedia.com//d/d9/FiendsMirror-FMR-NA-VG.png
366	Labyrinth Wall	Monster	Rock	5	0	3000	67284908	200	https://ms.yugipedia.com//f/f7/LabyrinthWall-FMR-NA-VG.png
367	Jirai Gumo	Monster	Insect	4	2200	100	94773007	80	https://ms.yugipedia.com//e/e9/JiraiGumo-FMR-NA-VG.png
368	Shadow Ghoul	Monster	Zombie	5	1600	1300	30778711	180	https://ms.yugipedia.com//5/50/ShadowGhoul-FMR-NA-VG.png
369	Wall Shadow	Monster	Warrior	7	1600	3000	63162310	999999	https://ms.yugipedia.com//5/53/WallShadow-FMR-NA-VG.png
370	Labyrinth Tank	Monster	Machine	7	2400	2400	99551425	999999	https://ms.yugipedia.com//b/b8/LabyrinthTank-FMR-NA-VG.png
371	Sanga of the Thunder	Monster	Thunder	7	2600	2200	25955164	999999	https://ms.yugipedia.com//9/96/SangaoftheThunder-FMR-NA-VG.png
372	Kazejin	Monster	Spellcaster	7	2400	2200	62340868	999999	https://ms.yugipedia.com//c/c2/Kazejin-FMR-NA-VG.png
373	Suijin	Monster	Aqua	7	2500	2400	98434877	999999	https://ms.yugipedia.com//3/3a/Suijin-FMR-NA-VG.png
374	Gate Guardian	Monster	Warrior	11	3750	3400			https://ms.yugipedia.com//5/51/GateGuardian-FMR-NA-VG.png
375	Dungeon Worm	Monster	Insect	5	1800	1500	51228280	290	https://ms.yugipedia.com//6/65/DungeonWorm-FMR-NA-VG.png
376	Monster Tamer	Monster	Warrior	5	1800	1600	97612389	320	https://ms.yugipedia.com//2/2d/MonsterTamer-FMR-NA-VG.png
377	Ryu-kishin Powered	Monster	Fiend	4	1600	1200	24611934	160	https://ms.yugipedia.com//3/3f/RyukishinPowered-FMR-NA-VG.png
378	Swordstalker	Monster	Warrior	6	2000	1600	50005633	400	https://ms.yugipedia.com//7/78/Swordstalker-FMR-NA-VG.png
379	La Jinn the Mystical Genie	Monster	Fiend	4	1800	1000	97590747	160	https://ms.yugipedia.com//b/ba/LaJinntheMysticalGenie-FMR-NA-VG.png
380	Blue-eyes Ultimate Dragon	Monster	Dragon	12	4500	3800			https://ms.yugipedia.com//0/04/BlueeyesUltimateDragon-FMR-NA-VG.png
381	Toon Alligator	Monster	Reptile	4	800	1600	59383041	120	https://ms.yugipedia.com//0/04/ToonAlligator-FMR-NA-VG.png
382	Rude Kaiser	Monster	Beast-Warrior	5	1800	1600	26378150	320	https://ms.yugipedia.com//6/61/RudeKaiser-FMR-NA-VG.png
383	Parrot Dragon	Monster	Dragon	5	2000	1300	62762898	290	https://ms.yugipedia.com//a/ac/ParrotDragon-FMR-NA-VG.png
384	Dark Rabbit	Monster	Beast	4	1100	1500	99261403	120	https://ms.yugipedia.com//1/18/DarkRabbit-FMR-NA-VG.png
385	Bickuribox	Monster	Fiend	7	2300	2000	25655502	900	https://ms.yugipedia.com//9/95/Bickuribox-FMR-NA-VG.png
386	Harpie's Pet Dragon	Monster	Dragon	7	2000	2500	52040216	999999	https://ms.yugipedia.com//d/d5/HarpiesPetDragon-FMR-NA-VG.png
387	Mystic Lamp	Monster	Spellcaster	1	400	300	98049915	15	https://ms.yugipedia.com//5/54/MysticLamp-FMR-NA-VG.png
388	Pendulum Machine	Monster	Machine	6	1750	2000	24433920	1000	https://ms.yugipedia.com//7/77/PendulumMachine-FMR-NA-VG.png
389	Giltia the D. Knight	Monster	Warrior	5	1850	1500	51828629	290	https://ms.yugipedia.com//6/6a/GiltiatheDKnight-FMR-NA-VG.png
390	Launcher Spider	Monster	Machine	7	2200	2500	87322377	999999	https://ms.yugipedia.com//9/91/LauncherSpider-FMR-NA-VG.png
391	Zoa	Monster	Fiend	7	2600	1900	24311372	999999	https://ms.yugipedia.com//4/48/Zoa-FMR-NA-VG.png
392	Metalzoa	Monster	Machine	8	3000	2300	50705071	999999	https://ms.yugipedia.com//0/01/Metalzoa-FMR-NA-VG.png
393	Zone Eater	Monster	Aqua	1	250	200	86100785	10	https://ms.yugipedia.com//8/81/ZoneEater-FMR-NA-VG.png
394	Steel Scorpion	Monster	Machine	1	250	300	13599884	10	https://ms.yugipedia.com//6/69/SteelScorpion-FMR-NA-VG.png
395	Dancing Elf	Monster	Fairy	1	300	200	59983499	10	https://ms.yugipedia.com//b/b6/DancingElf-FMR-NA-VG.png
396	Ocubeam	Monster	Fairy	5	1550	1650	86088138	260	https://ms.yugipedia.com//9/91/Ocubeam-FMR-NA-VG.png
397	Leghul	Monster	Insect	1	300	350	12472242	15	https://ms.yugipedia.com//1/18/Leghul-FMR-NA-VG.png
398	Ooguchi	Monster	Aqua	1	300	250	58861941	10	https://ms.yugipedia.com//7/72/Ooguchi-FMR-NA-VG.png
399	Swordsman from a Foreign Land	Monster	Warrior	1	250	250	85255550	10	https://ms.yugipedia.com//a/aa/SwordsmanfromaForeignLand-FMR-NA-VG.png
400	Emperor of the Land and Sea	Monster	Reptile	5	1800	1500	11250655	290	https://ms.yugipedia.com//3/3d/EmperoroftheLandandSea-FMR-NA-VG.png
401	Ushi Oni	Monster	Fiend	6	2150	1950	48649353	700	https://ms.yugipedia.com//3/37/UshiOni-FMR-NA-VG.png
402	Monster Eye	Monster	Fiend	1	250	300	84133008	15	https://ms.yugipedia.com//f/fe/MonsterEye-FMR-NA-VG.png
403	Leogun	Monster	Beast	5	1750	1550	10538007	290	https://ms.yugipedia.com//6/6f/Leogun-FMR-NA-VG.png
404	Tatsunootoshigo	Monster	Beast	5	1350	1600	47922711	180	https://ms.yugipedia.com//8/89/Tatsunootoshigo-FMR-NA-VG.png
405	Saber Slasher	Monster	Machine	5	1450	1500	73911410	180	https://ms.yugipedia.com//a/ac/SaberSlasher-FMR-NA-VG.png
406	Yaiba Robo	Monster	Machine	4	1000	1300	10315429	80	https://ms.yugipedia.com//b/b7/YaibaRobo-FMR-NA-VG.png
407	Machine King	Monster	Machine	6	2200	2000	46700124	800	https://ms.yugipedia.com//6/6f/MachineKing-FMR-NA-VG.png
408	Giant Mech-soldier	Monster	Machine	6	1750	1900	72299832	400	https://ms.yugipedia.com//9/92/GiantMechsoldier-FMR-NA-VG.png
409	Metal Dragon	Monster	Machine	6	1850	1700	9293977	350	https://ms.yugipedia.com//0/0b/MetalDragon-FMR-NA-VG.png
410	Mechanical Spider	Monster	Machine	2	400	500	45688586	20	https://ms.yugipedia.com//f/f1/MechanicalSpider-FMR-NA-VG.png
411	Bat	Monster	Machine	1	300	350	72076281	15	https://ms.yugipedia.com//b/bd/Bat-FMR-NA-VG.png
412	Giga-tech Wolf	Monster	Machine	4	1200	1400	8471389	120	https://ms.yugipedia.com//a/a0/GigatechWolf-FMR-NA-VG.png
413	Cyber Soldier	Monster	Machine	5	1500	1700	44865098	260	https://ms.yugipedia.com//c/c5/CyberSoldier-FMR-NA-VG.png
414	Shovel Crusher	Monster	Machine	3	900	1200	71950093	60	https://ms.yugipedia.com//9/96/ShovelCrusher-FMR-NA-VG.png
415	Mechanicalchacer	Monster	Machine	4	1850	800	7359741	120	https://ms.yugipedia.com//0/04/Mechanicalchacer-FMR-NA-VG.png
416	Blocker	Monster	Machine	4	850	1800	34743446	120	https://ms.yugipedia.com//d/df/Blocker-FMR-NA-VG.png
417	Blast Juggler	Monster	Machine	3	800	900	70138455	40	https://ms.yugipedia.com//6/69/BlastJuggler-FMR-NA-VG.png
418	Golgoil	Monster	Machine	4	900	1600	7526150	100	https://ms.yugipedia.com//e/e1/Golgoil-FMR-NA-VG.png
419	Giganto	Monster	Machine	5	1700	1800	33621868	350	https://ms.yugipedia.com//8/8c/Giganto-FMR-NA-VG.png
420	Cyber-Stein	Monster	Machine	2	700	500	69015963	25	https://ms.yugipedia.com//b/b1/CyberStein-FMR-NA-VG.png
421	Cyber Commander	Monster	Machine	2	750	700	6400512	30	https://ms.yugipedia.com//4/4e/CyberCommander-FMR-NA-VG.png
422	Jinzo #7	Monster	Machine	2	500	400	32809211	20	https://ms.yugipedia.com//a/ac/Jinzo7-FMR-NA-VG.png
423	Dice Armadillo	Monster	Machine	5	1650	1800	69893315	320	https://ms.yugipedia.com//6/6c/DiceArmadillo-FMR-NA-VG.png
424	Sky Dragon	Monster	Dragon	6	1900	1800	95288024	1000	https://ms.yugipedia.com//4/4b/SkyDragon-FMR-NA-VG.png
425	Thunder Dragon	Monster	Thunder	5	1600	1500	31786629	230	https://ms.yugipedia.com//6/6e/ThunderDragon-FMR-NA-VG.png
426	Stone D.	Monster	Rock	7	2000	2300	68171737	900	https://ms.yugipedia.com//3/35/StoneD-FMR-NA-VG.png
427	Kaiser Dragon	Monster	Dragon	7	2300	2000	94566432	900	https://ms.yugipedia.com//2/2c/KaiserDragon-FMR-NA-VG.png
428	Magician of Faith	Monster	Spellcaster	1	300	400	31560081	999999	https://ms.yugipedia.com//d/d1/MagicianofFaith-FMR-NA-VG.png
429	Goddess of Whim	Monster	Fairy	3	950	700	67959180	999999	https://ms.yugipedia.com//d/d1/GoddessofWhim-FMR-NA-VG.png
430	Water Magician	Monster	Spellcaster	4	1400	1000	93343894	120	https://ms.yugipedia.com//4/4c/WaterMagician-FMR-NA-VG.png
431	Ice Water	Monster	Aqua	3	1150	900	20848593	55	https://ms.yugipedia.com//d/db/IceWater-FMR-NA-VG.png
432	Waterdragon Fairy	Monster	Aqua	3	1100	700	66836598	45	https://ms.yugipedia.com//9/9e/WaterdragonFairy-FMR-NA-VG.png
433	Ancient Elf	Monster	Spellcaster	4	1450	1200	93221206	120	https://ms.yugipedia.com//a/ac/AncientElf-FMR-NA-VG.png
434	Beautiful Beast Trainer	Monster	Warrior	5	1750	1500	29616941	260	https://ms.yugipedia.com//6/69/BeautifulBeastTrainer-FMR-NA-VG.png
435	Water Girl	Monster	Aqua	4	1250	1000	55014050	70	https://ms.yugipedia.com//0/02/WaterGirl-FMR-NA-VG.png
436	White Dolphin	Monster	Fish	2	500	400	92409659	50	https://ms.yugipedia.com//f/f5/WhiteDolphin-FMR-NA-VG.png
437	Deepsea Shark	Monster	Fish	5	1900	1600	28593363	350	https://ms.yugipedia.com//5/56/DeepseaShark-FMR-NA-VG.png
438	Metal Fish	Monster	Machine	5	1600	1900	55998462	350	https://ms.yugipedia.com//7/71/MetalFish-FMR-NA-VG.png
439	Bottom Dweller	Monster	Fish	5	1650	1700	81386177	290	https://ms.yugipedia.com//5/5d/BottomDweller-FMR-NA-VG.png
440	7 Colored Fish	Monster	Fish	4	1800	800	23771716	120	https://ms.yugipedia.com//4/40/7ColoredFish-FMR-NA-VG.png
441	Mech Bass	Monster	Machine	5	1800	1500	50176820	290	https://ms.yugipedia.com//c/c6/MechBass-FMR-NA-VG.png
442	Aqua Dragon	Monster	Sea Serpent	6	2250	1900	86164529	700	https://ms.yugipedia.com//d/d6/AquaDragon-FMR-NA-VG.png
443	Sea King Dragon	Monster	Sea Serpent	6	2000	1700	23659124	1000	https://ms.yugipedia.com//0/02/SeaKingDragon-FMR-NA-VG.png
444	Turu-Purun	Monster	Aqua	2	450	500	59053232	20	https://ms.yugipedia.com//2/2e/TuruPurun-FMR-NA-VG.png
445	Guardian of the Sea	Monster	Aqua	4	1300	1000	85448931	80	https://ms.yugipedia.com//c/c7/GuardianoftheSea-FMR-NA-VG.png
446	Aqua Snake	Monster	Aqua	3	1050	900	12436646	50	https://ms.yugipedia.com//7/73/AquaSnake-FMR-NA-VG.png
447	Giant Red Seasnake	Monster	Aqua	4	1800	800	58831685	120	https://ms.yugipedia.com//8/86/GiantRedSeasnake-FMR-NA-VG.png
448	Spike Seadra	Monster	Sea Serpent	5	1600	1300	85326399	180	https://ms.yugipedia.com//6/62/SpikeSeadra-FMR-NA-VG.png
449	30,000-Year White Turtle	Monster	Aqua	5	1250	2100	11714098	290	https://ms.yugipedia.com//c/ca/30000YearWhiteTurtle-FMR-NA-VG.png
450	Kappa Avenger	Monster	Aqua	3	1200	900	48109103	60	https://ms.yugipedia.com//5/5c/KappaAvenger-FMR-NA-VG.png
451	Kanikabuto	Monster	Aqua	3	650	900	84103702	30	https://ms.yugipedia.com//7/7e/Kanikabuto-FMR-NA-VG.png
452	Zarigun	Monster	Aqua	2	600	700	10598400	30	https://ms.yugipedia.com//f/f6/Zarigun-FMR-NA-VG.png
453	Millennium Golem	Monster	Rock	6	2000	2200	47986555	800	https://ms.yugipedia.com//9/9e/MillenniumGolem-FMR-NA-VG.png
454	Destroyer Golem	Monster	Rock	4	1500	1000	73481154	100	https://ms.yugipedia.com//e/e9/DestroyerGolem-FMR-NA-VG.png
455	Barrel Rock	Monster	Rock	4	1000	1300	10476868	80	https://ms.yugipedia.com//8/86/BarrelRock-FMR-NA-VG.png
456	Minomushi Warrior	Monster	Warrior	4	1300	1200	46864967	100	https://ms.yugipedia.com//6/64/MinomushiWarrior-FMR-NA-VG.png
457	Stone Ghost	Monster	Rock	4	1200	1000	72269672	70	https://ms.yugipedia.com//5/50/StoneGhost-FMR-NA-VG.png
458	Kaminari Attack	Monster	Thunder	5	1900	1400	9653271	290	https://ms.yugipedia.com//9/96/KaminariAttack-FMR-NA-VG.png
459	Tripwire Beast	Monster	Thunder	4	1200	1300	45042329	100	https://ms.yugipedia.com//2/25/TripwireBeast-FMR-NA-VG.png
460	Bolt Escargot	Monster	Thunder	5	1400	1500	12146024	180	https://ms.yugipedia.com//d/d5/BoltEscargot-FMR-NA-VG.png
461	Bolt Penguin	Monster	Thunder	3	1100	800	48531733	50	https://ms.yugipedia.com//4/43/BoltPenguin-FMR-NA-VG.png
462	The Immortal of Thunder	Monster	Thunder	4	1500	1300	84926738	160	https://ms.yugipedia.com//1/18/TheImmortalofThunder-FMR-NA-VG.png
463	Electric Snake	Monster	Thunder	3	800	900	11324436	40	https://ms.yugipedia.com//2/28/ElectricSnake-FMR-NA-VG.png
464	Wing Eagle	Monster	Winged Beast	5	1800	1500	47319141	290	https://ms.yugipedia.com//2/23/WingEagle-FMR-NA-VG.png
465	Punished Eagle	Monster	Winged Beast	6	2100	1800	74703140	550	https://ms.yugipedia.com//4/4c/PunishedEagle-FMR-NA-VG.png
466	Skull Red Bird	Monster	Winged Beast	4	1550	1200	10202894	140	https://ms.yugipedia.com//8/8e/SkullRedBird-FMR-NA-VG.png
467	Crimson Sunbird	Monster	Winged Beast	6	2300	1800	46696593	700	https://ms.yugipedia.com//7/71/CrimsonSunbird-FMR-NA-VG.png
468	Queen Bird	Monster	Winged Beast	5	1200	2000	73081602	260	https://ms.yugipedia.com//c/c4/QueenBird-FMR-NA-VG.png
469	Armed Ninja	Monster	Warrior	1	300	300	9076207	15	https://ms.yugipedia.com//1/1f/ArmedNinja-FMR-NA-VG.png
470	Magical Ghost	Monster	Zombie	4	1300	1400	46474915	140	https://ms.yugipedia.com//c/c6/MagicalGhost-FMR-NA-VG.png
471	Soul Hunter	Monster	Fiend	6	2200	1800	72869010	800	https://ms.yugipedia.com//0/02/SoulHunter-FMR-NA-VG.png
472	Air Eater	Monster	Fiend	6	2100	1600	8353769	1000	https://ms.yugipedia.com//a/a7/AirEater-FMR-NA-VG.png
473	Vermillion Sparrow	Monster	Pyro	5	1900	1500	35752363	320	https://ms.yugipedia.com//f/fd/VermillionSparrow-FMR-NA-VG.png
474	Sea Kamen	Monster	Aqua	4	1100	1300	71746462	120	https://ms.yugipedia.com//e/ec/SeaKamen-FMR-NA-VG.png
475	Sinister Serpent	Monster	Reptile	1	300	250	8131171	10	https://ms.yugipedia.com//9/96/SinisterSerpent-FMR-NA-VG.png
476	Ganigumo	Monster	Insect	2	600	800	34536276	30	https://ms.yugipedia.com//a/a1/Ganigumo-FMR-NA-VG.png
477	Alinsection	Monster	Insect	3	950	700	70924884	35	https://ms.yugipedia.com//b/ba/Alinsection-FMR-NA-VG.png
478	Insect Soldiers of the Sky	Monster	Insect	3	1000	800	7019529	45	https://ms.yugipedia.com//b/b1/InsectSoldiersoftheSky-FMR-NA-VG.png
479	Cockroach Knight	Monster	Insect	3	800	900	33413638	999999	https://ms.yugipedia.com//9/94/CockroachKnight-FMR-NA-VG.png
480	Kuwagata 	Monster	Insect	4	1250	1000	60802233	70	https://ms.yugipedia.com//6/63/Kuwagata%CE%B1-FMR-NA-VG.png
481	Burglar	Monster	Beast	3	850	800	6297941	35	https://ms.yugipedia.com//0/00/Burglar-FMR-NA-VG.png
482	Pragtical	Monster	Dinosaur	5	1900	1500	33691040	320	https://ms.yugipedia.com//8/8b/Pragtical-FMR-NA-VG.png
483	Garvas	Monster	Beast	6	2000	1700	69780745	1000	https://ms.yugipedia.com//7/70/Garvas-FMR-NA-VG.png
484	Ameba	Monster	Aqua	1	300	350	95174353	15	https://ms.yugipedia.com//1/13/Ameba-FMR-NA-VG.png
485	Korogashi	Monster	Insect	2	550	400	32569498	20	https://ms.yugipedia.com//b/be/Korogashi-FMR-NA-VG.png
486	Boo Koo	Monster	Spellcaster	2	650	500	68963107	25	https://ms.yugipedia.com//6/6e/BooKoo-FMR-NA-VG.png
487	Flower Wolf	Monster	Beast	5	1800	1400	95952802	260	https://ms.yugipedia.com//d/df/FlowerWolf-FMR-NA-VG.png
488	Rainbow Flower	Monster	Plant	2	400	500	21347810	20	https://ms.yugipedia.com//9/9a/RainbowFlower-FMR-NA-VG.png
489	Barrel Lily	Monster	Plant	3	1100	600	67841515	40	https://ms.yugipedia.com//a/a5/BarrelLily-FMR-NA-VG.png
490	Needle Ball	Monster	Fiend	2	750	700	94230224	30	https://ms.yugipedia.com//8/80/NeedleBall-FMR-NA-VG.png
491	Peacock	Monster	Winged Beast	5	1700	1500	20624263	260	https://ms.yugipedia.com//7/7d/Peacock-FMR-NA-VG.png
492	Hoshiningen	Monster	Fairy	2	500	700	67629977	25	https://ms.yugipedia.com//6/67/Hoshiningen-FMR-NA-VG.png
493	Maha Vailo	Monster	Spellcaster	4	1550	1400	93013676	180	https://ms.yugipedia.com//b/b5/MahaVailo-FMR-NA-VG.png
494	Rainbow Marine Mermaid	Monster	Fish	5	1550	1700	29402771	260	https://ms.yugipedia.com//5/59/RainbowMarineMermaid-FMR-NA-VG.png
495	Musician King	Monster	Spellcaster	5	1750	1500	56907389	260	https://ms.yugipedia.com//b/b2/MusicianKing-FMR-NA-VG.png
496	Wilmee	Monster	Beast	4	1000	1200	92391084	70	https://ms.yugipedia.com//a/a7/Wilmee-FMR-NA-VG.png
497	Yado Karu	Monster	Aqua	4	900	1700	29380133	120	https://ms.yugipedia.com//7/77/YadoKaru-FMR-NA-VG.png
498	Morinphen	Monster	Fiend	5	1550	1300	55784832	160	https://ms.yugipedia.com//8/8e/Morinphen-FMR-NA-VG.png
499	Kattapillar	Monster	Insect	1	250	300	81179446	999999	https://ms.yugipedia.com//0/03/Kattapillar-FMR-NA-VG.png
500	Dragon Seeker	Monster	Fiend	6	2100	2000	28563545	700	https://ms.yugipedia.com//1/16/DragonSeeker-FMR-NA-VG.png
501	Man-eater Bug	Monster	Insect	2	450	600	54652250	20	https://ms.yugipedia.com//7/7d/ManeaterBug-FMR-NA-VG.png
502	D. Human	Monster	Warrior	4	1300	1100	81057959	120	https://ms.yugipedia.com//d/d8/DHuman-FMR-NA-VG.png
503	Turtle Raccoon	Monster	Aqua	3	700	900	17441953	35	https://ms.yugipedia.com//7/73/TurtleRaccoon-FMR-NA-VG.png
504	Fungi of the Musk	Monster	Fiend	1	400	300	53830602	15	https://ms.yugipedia.com//8/8e/FungioftheMusk-FMR-NA-VG.png
505	Prisman	Monster	Rock	3	800	1000	80234301	45	https://ms.yugipedia.com//d/db/Prisman-FMR-NA-VG.png
506	Gale Dogra	Monster	Insect	2	650	600	16229315	25	https://ms.yugipedia.com//4/48/GaleDogra-FMR-NA-VG.png
507	Crazy Fish	Monster	Fish	4	1600	1200	53713014	160	https://ms.yugipedia.com//6/61/CrazyFish-FMR-NA-VG.png
508	Cyber Saurus	Monster	Machine	5	1800	1400	89112729	260	https://ms.yugipedia.com//9/94/CyberSaurus-FMR-NA-VG.png
509	Bracchio-raidus	Monster	Dinosaur	6	2200	2000	16507828	800	https://ms.yugipedia.com//1/18/Bracchioraidus-FMR-NA-VG.png
510	Laughing Flower	Monster	Plant	2	900	500	42591472	30	https://ms.yugipedia.com//c/cd/LaughingFlower-FMR-NA-VG.png
511	Bean Soldier	Monster	Plant	4	1400	1300	84990171	140	https://ms.yugipedia.com//2/20/BeanSoldier-FMR-NA-VG.png
512	Cannon Soldier	Monster	Machine	4	1400	1300	11384280	140	https://ms.yugipedia.com//f/fc/CannonSoldier-FMR-NA-VG.png
513	Guardian of the Throne Room	Monster	Machine	5	1650	1600	47879985	260	https://ms.yugipedia.com//6/6c/GuardianoftheThroneRoom-FMR-NA-VG.png
514	Brave Scizzar	Monster	Machine	4	1300	1000	74277583	80	https://ms.yugipedia.com//2/2f/BraveScizzar-FMR-NA-VG.png
515	The Statue of Easter Island	Monster	Rock	4	1100	1400	10262698	100	https://ms.yugipedia.com//2/22/TheStatueofEasterIsland-FMR-NA-VG.png
516	Muka Muka	Monster	Rock	2	600	300	46657337	20	https://ms.yugipedia.com//5/53/MukaMuka-FMR-NA-VG.png
517	Sand Stone	Monster	Rock	5	1300	1600	73051941	180	https://ms.yugipedia.com//6/62/SandStone-FMR-NA-VG.png
518	Boulder Tortoise	Monster	Aqua	6	1450	2200	9540040	400	https://ms.yugipedia.com//b/b6/BoulderTortoise-FMR-NA-VG.png
519	Fire Kraken	Monster	Aqua	5	1600	1500	46534755	230	https://ms.yugipedia.com//e/ea/FireKraken-FMR-NA-VG.png
520	Turtle Bird	Monster	Aqua	6	1900	1700	72929454	400	https://ms.yugipedia.com//b/b8/TurtleBird-FMR-NA-VG.png
521	Skullbird	Monster	Winged Beast	6	1900	1700	8327462	400	https://ms.yugipedia.com//a/a8/Skullbird-FMR-NA-VG.png
522	Monstrous Bird	Monster	Winged Beast	6	2000	1900	35712107	550	https://ms.yugipedia.com//e/e0/MonstrousBird-FMR-NA-VG.png
523	The Bistro Butcher	Monster	Fiend	4	1800	1000	71107816	160	https://ms.yugipedia.com//e/e0/TheBistroButcher-FMR-NA-VG.png
524	Star Boy	Monster	Aqua	2	550	500	8201910	20	https://ms.yugipedia.com//d/d9/StarBoy-FMR-NA-VG.png
525	Spirit of the Mountain	Monster	Spellcaster	5	1300	1800	34690519	230	https://ms.yugipedia.com//8/8b/SpiritoftheMountain-FMR-NA-VG.png
526	Neck Hunter	Monster	Fiend	6	1750	1900	70084224	400	https://ms.yugipedia.com//5/56/NeckHunter-FMR-NA-VG.png
527	Milus Radiant	Monster	Beast	1	300	250	7489323	10	https://ms.yugipedia.com//6/6d/MilusRadiant-FMR-NA-VG.png
528	Togex	Monster	Beast	5	1600	1800	33878931	320	https://ms.yugipedia.com//8/80/Togex-FMR-NA-VG.png
529	Flame Cerebrus	Monster	Pyro	6	2100	1800	60862676	550	https://ms.yugipedia.com//b/bd/FlameCerebrus-FMR-NA-VG.png
530	Eldeen	Monster	Spellcaster	3	950	1000	6367785	50	https://ms.yugipedia.com//c/cf/Eldeen-FMR-NA-VG.png
531	Mystical Sand	Monster	Rock	6	2100	1700	32751480	500	https://ms.yugipedia.com//5/5b/MysticalSand-FMR-NA-VG.png
532	Gemini Elf	Monster	Spellcaster	4	1900	900	69140098	160	https://ms.yugipedia.com//6/68/GeminiElf-FMR-NA-VG.png
533	Kwagar Hercules	Monster	Insect	6	1900	1700	95144193	400	https://ms.yugipedia.com//c/ca/KwagarHercules-FMR-NA-VG.png
534	Minar	Monster	Insect	3	800	750	32539892	35	https://ms.yugipedia.com//2/2c/Minar-FMR-NA-VG.png
535	Kamakiriman	Monster	Insect	4	1150	1400	68928540	100	https://ms.yugipedia.com//0/0b/Kamakiriman-FMR-NA-VG.png
536	Mechaleon	Monster	Reptile	2	800	600	94412545	30	https://ms.yugipedia.com//7/78/Mechaleon-FMR-NA-VG.png
537	Mega Thunderball	Monster	Thunder	2	750	600	21817254	30	https://ms.yugipedia.com//8/8b/MegaThunderball-FMR-NA-VG.png
538	Niwatori	Monster	Winged Beast	3	900	800	7805359	40	https://ms.yugipedia.com//b/ba/Niwatori-FMR-NA-VG.png
539	Corroding Shark	Monster	Zombie	3	1100	700	34290067	45	https://ms.yugipedia.com//2/27/CorrodingShark-FMR-NA-VG.png
540	Skelengel	Monster	Fairy	2	900	400	60694662	30	https://ms.yugipedia.com//b/b9/Skelengel-FMR-NA-VG.png
541	Hane-Hane	Monster	Beast	2	450	500	7089711	999999	https://ms.yugipedia.com//2/20/HaneHane-FMR-NA-VG.png
542	Misairuzame	Monster	Fish	5	1400	1600	33178416	200	https://ms.yugipedia.com//7/7c/Misairuzame-FMR-NA-VG.png
543	Tongyo	Monster	Fish	4	1350	800	69572024	60	https://ms.yugipedia.com//8/81/Tongyo-FMR-NA-VG.png
544	Dharma Cannon	Monster	Machine	2	900	500	96967123	30	https://ms.yugipedia.com//3/35/DharmaCannon-FMR-NA-VG.png
545	Skelgon	Monster	Zombie	6	1700	1900	32355828	999999	https://ms.yugipedia.com//f/f3/Skelgon-FMR-NA-VG.png
546	Wow Warrior	Monster	Fish	4	1250	900	69750536	60	https://ms.yugipedia.com//c/c2/WowWarrior-FMR-NA-VG.png
547	Griggle	Monster	Plant	1	350	300	95744531	15	https://ms.yugipedia.com//4/4e/Griggle-FMR-NA-VG.png
548	Bone Mouse	Monster	Zombie	1	400	300	21239280	15	https://ms.yugipedia.com//2/2f/BoneMouse-FMR-NA-VG.png
549	Frog the Jam	Monster	Aqua	2	700	500	68638985	25	https://ms.yugipedia.com//f/f9/FrogTheJam-FMR-NA-VG.png
550	Behegon	Monster	Aqua	4	1350	1000	94022093	80	https://ms.yugipedia.com//f/fc/Behegon-FMR-NA-VG.png
551	Dark Elf	Monster	Spellcaster	4	2000	800	21417692	160	https://ms.yugipedia.com//d/d3/DarkElf-FMR-NA-VG.png
552	Winged Dragon #2	Monster	Winged Beast	4	1200	1000	57405307	70	https://ms.yugipedia.com//8/85/WingedDragon2-FMR-NA-VG.png
553	Mushroom Man #2	Monster	Warrior	3	1250	800	93900406	55	https://ms.yugipedia.com//6/68/MushroomMan2-FMR-NA-VG.png
554	Lava Battleguard	Monster	Warrior	5	1550	1800	20394040	999999	https://ms.yugipedia.com//b/b3/LavaBattleguard-FMR-NA-VG.png
555	Tyhone #2	Monster	Dragon	6	1700	1900	56789759	999999	https://ms.yugipedia.com//5/57/Tyhone2-FMR-NA-VG.png
556	The Wandering Doomed	Monster	Zombie	2	800	600	93788854	30	https://ms.yugipedia.com//e/e2/TheWanderingDoomed-FMR-NA-VG.png
557	Steel Ogre Grotto #1	Monster	Machine	5	1400	1800	29172562	260	https://ms.yugipedia.com//d/de/SteelOgreGrotto1-FMR-NA-VG.png
558	Pot the Trick	Monster	Rock	2	400	400	55567161	20	https://ms.yugipedia.com//b/bf/PottheTrick-FMR-NA-VG.png
559	Oscillo Hero	Monster	Warrior	3	1250	700	82065276	50	https://ms.yugipedia.com//f/fb/OscilloHero-FMR-NA-VG.png
560	Invader from Another Dimension	Monster	Fiend	4	950	1400	28450915	80	https://ms.yugipedia.com//b/bc/InvaderfromAnotherDimension-FMR-NA-VG.png
561	Lesser Dragon	Monster	Dragon	4	1200	1000	55444629	70	https://ms.yugipedia.com//6/67/LesserDragon-FMR-NA-VG.png
562	Needle Worm	Monster	Insect	2	750	600	81843628	999999	https://ms.yugipedia.com//4/41/NeedleWorm-FMR-NA-VG.png
563	Wretched Ghost of the Attic	Monster	Fiend	2	550	400	17238333	20	https://ms.yugipedia.com//0/03/WretchedGhostoftheAttic-FMR-NA-VG.png
564	Great Mammoth of Goldfine	Monster	Zombie	6	2200	1800	54622031	800	https://ms.yugipedia.com//3/37/GreatMammothofGoldfine-FMR-NA-VG.png
565	Man-eating Black Shark	Monster	Fish	5	2100	1300	80727036	320	https://ms.yugipedia.com//9/9c/ManeatingBlackShark-FMR-NA-VG.png
566	Yormungarde	Monster	Reptile	3	1200	900	17115745	60	https://ms.yugipedia.com//2/26/Yormungarde-FMR-NA-VG.png
567	Darkworld Thorns	Monster	Plant	3	1200	900	43500484	60	https://ms.yugipedia.com//2/24/DarkworldThorns-FMR-NA-VG.png
568	Anthrosaurus	Monster	Dinosaur	3	1000	850	89904598	45	https://ms.yugipedia.com//a/a9/Anthrosaurus-FMR-NA-VG.png
569	Drooling Lizard	Monster	Reptile	3	900	800	16353197	40	https://ms.yugipedia.com//6/62/DroolingLizard-FMR-NA-VG.png
570	Trakadon	Monster	Dinosaur	3	1300	800	42348802	60	https://ms.yugipedia.com//4/40/Trakadon-FMR-NA-VG.png
571	B. Dragon Jungle King	Monster	Dragon	6	2100	1800	89832901	999999	https://ms.yugipedia.com//d/d4/BDragonJungleKing-FMR-NA-VG.png
572	Empress Judge	Monster	Warrior	6	2100	1700	15237615	500	https://ms.yugipedia.com//5/50/EmpressJudge-FMR-NA-VG.png
573	Little D	Monster	Dinosaur	3	1100	700	42625254	45	https://ms.yugipedia.com//1/1b/LittleD-FMR-NA-VG.png
574	Witch of the Black Forest	Monster	Spellcaster	4	1100	1200	78010363	80	https://ms.yugipedia.com//6/6c/WitchoftheBlackForest-FMR-NA-VG.png
575	Ancient One of the Deep Forest	Monster	Beast	6	1800	1900	14015067	1000	https://ms.yugipedia.com//d/d0/AncientOneoftheDeepForest-FMR-NA-VG.png
576	Giant Scorpion of the Tundra	Monster	Insect	3	1100	1000	41403766	60	https://ms.yugipedia.com//9/9b/GiantScorpionoftheTundra-FMR-NA-VG.png
577	Crow Goblin	Monster	Winged Beast	5	1850	1600	77998771	320	https://ms.yugipedia.com//6/6d/CrowGoblin-FMR-NA-VG.png
578	Leo Wizard	Monster	Spellcaster	5	1350	1200	4392470	100	https://ms.yugipedia.com//2/22/LeoWizard-FMR-NA-VG.png
579	Abyss Flower	Monster	Plant	2	750	400	40387124	25	https://ms.yugipedia.com//6/6e/AbyssFlower-FMR-NA-VG.png
580	Patrol Robo	Monster	Machine	3	1100	1900	76775123	55	https://ms.yugipedia.com//e/ee/PatrolRobo-FMR-NA-VG.png
581	Takuhee	Monster	Winged Beast	4	1450	1000	3170832	120	https://ms.yugipedia.com//6/68/Takuhee-FMR-NA-VG.png
582	Dark Witch	Monster	Fairy	5	1800	1700	35565537	350	https://ms.yugipedia.com//a/ae/DarkWitch-FMR-NA-VG.png
583	Weather Report	Monster	Aqua	4	950	1500	72053645	120	https://ms.yugipedia.com//8/80/WeatherReport-FMR-NA-VG.png
584	Binding Chain	Monster	Fairy	3	1000	1100	8058240	60	https://ms.yugipedia.com//3/3e/BindingChain-FMR-NA-VG.png
585	Mechanical Snail	Monster	Machine	3	800	1000	34442949	45	https://ms.yugipedia.com//7/7c/MechanicalSnail-FMR-NA-VG.png
586	Greenkappa	Monster	Warrior	3	650	900	61831093	30	https://ms.yugipedia.com//0/00/Greenkappa-FMR-NA-VG.png
587	Mon Larvas	Monster	Beast	4	1300	1400	7225792	140	https://ms.yugipedia.com//3/30/MonLarvas-FMR-NA-VG.png
588	Living Vase	Monster	Plant	3	900	1100	34320307	55	https://ms.yugipedia.com//5/53/LivingVase-FMR-NA-VG.png
589	Tentacle Plant	Monster	Plant	2	500	600	60715406	25	https://ms.yugipedia.com//3/3b/TentaclePlant-FMR-NA-VG.png
590	Beaked Snake	Monster	Reptile	3	800	900	6103114	40	https://ms.yugipedia.com//d/d4/BeakedSnake-FMR-NA-VG.png
591	Morphing Jar	Monster	Rock	2	700	600	33508719	30	https://ms.yugipedia.com//0/05/MorphingJar-FMR-NA-VG.png
592	Muse-A	Monster	Fairy	3	850	900	69992868	40	https://ms.yugipedia.com//d/db/MuseA-FMR-NA-VG.png
593	Giant Turtle Who Feeds on Flames	Monster	Aqua	5	1400	1800	96981563	260	https://ms.yugipedia.com//3/36/GiantTurtleWhoFeedsonFlames-FMR-NA-VG.png
594	Rose Spectre of Dunn	Monster	Plant	6	2000	1800	32485271	500	https://ms.yugipedia.com//0/08/RoseSpectreofDunn-FMR-NA-VG.png
595	Fiend Refrection #1	Monster	Winged Beast	4	1300	1400	68870276	140	https://ms.yugipedia.com//b/b6/FiendRefrection1-FMR-NA-VG.png
596	Ghoul with an Appetite	Monster	Zombie	4	1600	1200	95265975	160	https://ms.yugipedia.com//e/e2/GhoulwithanAppetite-FMR-NA-VG.png
597	Pale Beast	Monster	Beast	4	1500	1200	21263083	140	https://ms.yugipedia.com//5/59/PaleBeast-FMR-NA-VG.png
598	Little Chimera	Monster	Beast	2	600	550	68658728	25	https://ms.yugipedia.com//3/38/LittleChimera-FMR-NA-VG.png
599	Violent Rain	Monster	Aqua	4	1550	800	94042337	80	https://ms.yugipedia.com//2/27/ViolentRain-FMR-NA-VG.png
600	Key Mace #2	Monster	Fiend	4	1050	1200	20541432	70	https://ms.yugipedia.com//6/66/KeyMace2-FMR-NA-VG.png
601	Tenderness	Monster	Fairy	3	700	1400	57935140	60	https://ms.yugipedia.com//f/f8/Tenderness-FMR-NA-VG.png
602	Penguin Soldier	Monster	Aqua	2	750	500	93920745	25	https://ms.yugipedia.com//f/fe/PenguinSoldier-FMR-NA-VG.png
603	Fairy Dragon	Monster	Dragon	4	1100	1200	20315854	999999	https://ms.yugipedia.com//3/32/FairyDragon-FMR-NA-VG.png
604	Obese Marmot of Nefariousness	Monster	Beast	3	750	800	56713552	30	https://ms.yugipedia.com//a/a8/ObeseMarmotofNefariousness-FMR-NA-VG.png
605	Liquid Beast	Monster	Aqua	3	950	800	93108297	40	https://ms.yugipedia.com//d/d2/LiquidBeast-FMR-NA-VG.png
606	Twin Long Rods 2	Monster	Aqua	3	850	700	29692206	30	https://ms.yugipedia.com//b/be/TwinLongRods2-FMR-NA-VG.png
607	Great Bill	Monster	Beast	4	1250	1300	55691901	100	https://ms.yugipedia.com//9/9d/GreatBill-FMR-NA-VG.png
608	Shining Friendship	Monster	Fairy	4	1300	1100	82085619	120	https://ms.yugipedia.com//4/4f/ShiningFriendship-FMR-NA-VG.png
609	Bladefly	Monster	Insect	2	600	700	28470714	30	https://ms.yugipedia.com//3/35/Bladefly-FMR-NA-VG.png
610	Electric Lizard	Monster	Thunder	3	850	800	55875323	35	https://ms.yugipedia.com//4/46/ElectricLizard-FMR-NA-VG.png
611	Hiro's Shadow Scout	Monster	Fiend	2	650	500	81863068	25	https://ms.yugipedia.com//0/09/HirosShadowScout-FMR-NA-VG.png
612	Lady of Faith	Monster	Spellcaster	3	1100	800	17358176	50	https://ms.yugipedia.com//3/32/LadyofFaith-FMR-NA-VG.png
613	Twin-headed Thunder Dragon	Monster	Thunder	7	2800	2100	54752875	1900	https://ms.yugipedia.com//0/08/TwinheadedThunderDragon-FMR-NA-VG.png
614	Hunter Spider	Monster	Insect	5	1600	1400	80141480	200	https://ms.yugipedia.com//7/72/HunterSpider-FMR-NA-VG.png
615	Armored Starfish	Monster	Aqua	4	850	1400	17535588	70	https://ms.yugipedia.com//2/25/ArmoredStarfish-FMR-NA-VG.png
616	Hourglass of Courage	Monster	Fairy	4	1100	1200	43530283	80	https://ms.yugipedia.com//3/3c/HourglassofCourage-FMR-NA-VG.png
617	Marine Beast	Monster	Fish	5	1700	1600	29929832	290	https://ms.yugipedia.com//4/4c/MarineBeast-FMR-NA-VG.png
618	Warrior of Tradition	Monster	Warrior	6	1900	1700	56413937	400	https://ms.yugipedia.com//d/d6/WarriorofTradition-FMR-NA-VG.png
619	Rock Spirit	Monster	Spellcaster	5	1650	1900	82818645	350	https://ms.yugipedia.com//f/fd/RockSpirit-FMR-NA-VG.png
620	Snakeyashi	Monster	Plant	4	1000	1200	29802344	70	https://ms.yugipedia.com//b/b1/Snakeyashi-FMR-NA-VG.png
621	Succubus Knight	Monster	Warrior	5	1650	1300	55291359	180	https://ms.yugipedia.com//8/8a/SuccubusKnight-FMR-NA-VG.png
622	Ill Witch	Monster	Spellcaster	5	1600	1500	81686058	230	https://ms.yugipedia.com//f/f3/IllWitch-FMR-NA-VG.png
623	The Thing That Hides In the Mud	Monster	Rock	4	1200	1300	18180762	100	https://ms.yugipedia.com//6/6f/TheThingThatHidesIntheMud-FMR-NA-VG.png
624	High Tide Gyojin	Monster	Aqua	5	1650	1300	54579801	180	https://ms.yugipedia.com//7/76/HighTideGyojin-FMR-NA-VG.png
625	Fairy of the Fountain	Monster	Aqua	4	1600	1100	81563416	140	https://ms.yugipedia.com//e/ee/FairyoftheFountain-FMR-NA-VG.png
626	Amazon of the Seas	Monster	Fish	4	1300	1400	17968114	140	https://ms.yugipedia.com//9/97/AmazonoftheSeas-FMR-NA-VG.png
627	Nekogal #2	Monster	Beast-Warrior	6	1900	2000	43352213	550	https://ms.yugipedia.com//e/e6/Nekogal2-FMR-NA-VG.png
628	Witch's Apprentice	Monster	Spellcaster	2	550	500	80741828	999999	https://ms.yugipedia.com//d/d0/WitchsApprentice-FMR-NA-VG.png
629	Armored Rat	Monster	Beast	3	950	1100	16246527	55	https://ms.yugipedia.com//3/34/ArmoredRat-FMR-NA-VG.png
630	Ancient Lizard Warrior	Monster	Reptile	4	1400	1100	43230671	100	https://ms.yugipedia.com//5/56/AncientLizardWarrior-FMR-NA-VG.png
631	Maiden of the Moonlight	Monster	Spellcaster	4	1500	1300	79629370	160	https://ms.yugipedia.com//1/15/MaidenoftheMoonlight-FMR-NA-VG.png
632	Stone Ogre Grotto	Monster	Rock	5	1600	1500	15023985	230	https://ms.yugipedia.com//6/60/StoneOgreGrotto-FMR-NA-VG.png
633	Winged Egg of New Life	Monster	Fairy	5	1400	1700	42418084	230	https://ms.yugipedia.com//f/fd/WingedEggofNewLife-FMR-NA-VG.png
634	Night Lizard	Monster	Aqua	4	1150	1300	78402798	120	https://ms.yugipedia.com//2/2b/NightLizard-FMR-NA-VG.png
635	Queen's Double	Monster	Warrior	1	350	300	5901497	15	https://ms.yugipedia.com//d/da/QueensDouble-FMR-NA-VG.png
636	Blue-winged Crown	Monster	Winged Beast	4	1600	1200	41396436	160	https://ms.yugipedia.com//e/e5/BluewingedCrown-FMR-NA-VG.png
637	Trent	Monster	Plant	6	1500	1800	78780140	290	https://ms.yugipedia.com//8/86/Trent-FMR-NA-VG.png
638	Queen of Autumn Leaves	Monster	Plant	5	1800	1500	4179849	290	https://ms.yugipedia.com//e/e7/QueenofAutumnLeaves-FMR-NA-VG.png
639	Amphibious Bugroth	Monster	Aqua	5	1850	1300	40173854	230	https://ms.yugipedia.com//0/07/AmphibiousBugroth-FMR-NA-VG.png
640	Acid Crawler	Monster	Insect	3	900	700	77568553	999999	https://ms.yugipedia.com//b/be/AcidCrawler-FMR-NA-VG.png
641	Invader of the Throne	Monster	Warrior	5	1350	1700	3056267	200	https://ms.yugipedia.com//0/03/InvaderoftheThrone-FMR-NA-VG.png
642	Mystical Sheep #1	Monster	Beast	3	1150	900	30451366	55	https://ms.yugipedia.com//7/77/MysticalSheep1-FMR-NA-VG.png
643	Disk Magician	Monster	Machine	4	1350	1000	76446915	80	https://ms.yugipedia.com//9/90/DiskMagician-FMR-NA-VG.png
644	Flame Viper	Monster	Pyro	2	400	450	2830619	20	https://ms.yugipedia.com//2/28/FlameViper-FMR-NA-VG.png
645	Royal Guard	Monster	Machine	6	1900	2200	39239728	700	https://ms.yugipedia.com//4/48/RoyalGuard-FMR-NA-VG.png
646	Gruesome Goo	Monster	Aqua	3	1300	700	65623423	55	https://ms.yugipedia.com//8/85/GruesomeGoo-FMR-NA-VG.png
647	Hyosube	Monster	Aqua	4	1500	900	2118022	120	https://ms.yugipedia.com//a/a3/Hyosube-FMR-NA-VG.png
648	Machine Attacker	Monster	Machine	5	1600	1300	38116136	180	https://ms.yugipedia.com//d/db/MachineAttacker-FMR-NA-VG.png
649	Hibikime	Monster	Warrior	4	1450	1000	64501875	120	https://ms.yugipedia.com//0/02/Hibikime-FMR-NA-VG.png
650	Whiptail Crow	Monster	Fiend	5	1650	1600	91996584	260	https://ms.yugipedia.com//d/dd/WhiptailCrow-FMR-NA-VG.png
651	Kunai with Chain	Equip					37390589	800	https://ms.yugipedia.com//b/b9/KunaiwithChain-FMR-NA-VG.png
652	Magical Labyrinth	Equip					64389297	10	https://ms.yugipedia.com//4/49/MagicalLabyrinth-FMR-NA-VG.png
653	Warrior Elimination	Magic					90873992	999999	https://ms.yugipedia.com//f/f8/WarriorElimination-FMR-NA-VG.png
654	Salamandra	Equip					32268901	800	https://ms.yugipedia.com//8/87/Salamandra-FMR-NA-VG.png
655	Cursebreaker	Magic					69666645	10	https://ms.yugipedia.com//0/0c/Cursebreaker-FMR-NA-VG.png
656	Eternal Rest	Magic					95051344	999999	https://ms.yugipedia.com//e/e3/EternalRest-FMR-NA-VG.png
657	Megamorph	Equip					22046459	50000	https://ms.yugipedia.com//7/7b/Megamorph-FMR-NA-VG.png
658	Metalmorph	Equip					68540058	999999	https://ms.yugipedia.com//a/ab/Metalmorph-FMR-NA-VG.png
659	Winged Trumpeter	Equip					94939166	800	https://ms.yugipedia.com//2/21/WingedTrumpeter-FMR-NA-VG.png
660	Stain Storm	Magic					21323861	999999	https://ms.yugipedia.com//9/95/StainStorm-FMR-NA-VG.png
661	Crush Card	Magic					57728570	999999	https://ms.yugipedia.com//8/8d/CrushCard-FMR-NA-VG.png
662	Eradicating Aerosol	Magic					94716515	999999	https://ms.yugipedia.com//d/db/EradicatingAerosol-FMR-NA-VG.png
663	Breath of Light	Magic					20101223	999999	https://ms.yugipedia.com//5/5a/BreathofLight-FMR-NA-VG.png
664	Eternal Draught	Magic					56606928	999999	https://ms.yugipedia.com//a/a5/EternalDraught-FMR-NA-VG.png
665	Curse of Millennium Shield	Ritual					83094937	10	https://ms.yugipedia.com//1/18/CurseofMillenniumShield-FMR-NA-VG.png
666	Yamadron Ritual	Ritual					29089635	10	https://ms.yugipedia.com//e/eb/YamadronRitual-FMR-NA-VG.png
667	Gate Guardian Ritual	Ritual					56483330	999999	https://ms.yugipedia.com//a/ae/GateGuardianRitual-FMR-NA-VG.png
668	Bright Castle	Equip					82878489	800	https://ms.yugipedia.com//5/58/BrightCastle-FMR-NA-VG.png
669	Shadow Spell	Magic					29267084	999999	https://ms.yugipedia.com//8/83/ShadowSpell-FMR-NA-VG.png
670	Black Luster Ritual	Ritual					55761792	100	https://ms.yugipedia.com//8/8f/BlackLusterRitual-FMR-NA-VG.png
671	Zera Ritual	Ritual					81756897	100	https://ms.yugipedia.com//4/4b/ZeraRitual-FMR-NA-VG.png
672	Harpie's Feather Duster	Magic					18144506	999999	https://ms.yugipedia.com//b/b5/HarpiesFeatherDuster-FMR-NA-VG.png
673	War-lion Ritual	Ritual					54539105	100	https://ms.yugipedia.com//8/83/WarlionRitual-FMR-NA-VG.png
674	Beastry Mirror Ritual	Ritual					81933259	100	https://ms.yugipedia.com//1/1c/BeastryMirrorRitual-FMR-NA-VG.png
675	Ultimate Dragon	Ritual					17928958	999999	https://ms.yugipedia.com//1/16/UltimateDragon-FMR-NA-VG.png
676	Commencement Dance	Ritual					43417563	50	https://ms.yugipedia.com//b/b0/CommencementDance-FMR-NA-VG.png
677	Hamburger Recipe	Ritual					80811661	50	https://ms.yugipedia.com//0/00/HamburgerRecipe-FMR-NA-VG.png
678	Revival of Sennen Genjin	Ritual					16206366	50	https://ms.yugipedia.com//a/a6/RevivalofSennenGenjin-FMR-NA-VG.png
679	Novox's Prayer	Ritual					43694075	50	https://ms.yugipedia.com//4/46/NovoxsPrayer-FMR-NA-VG.png
680	Curse of Tri-Horned Dragon	Ritual					79699070	50	https://ms.yugipedia.com//f/f8/CurseofTriHornedDragon-FMR-NA-VG.png
681	House of Adhesive Tape	Trap					15083728	999999	https://ms.yugipedia.com//9/9d/HouseofAdhesiveTape-FMR-NA-VG.png
682	Eatgaboon	Trap					42578427	999999	https://ms.yugipedia.com//d/df/Eatgaboon-FMR-NA-VG.png
683	Bear Trap	Trap					78977532	999999	https://ms.yugipedia.com//d/df/BearTrap-FMR-NA-VG.png
684	Invisible Wire	Trap					15361130	999999	https://ms.yugipedia.com//1/17/InvisibleWire-FMR-NA-VG.png
685	Acid Trap Hole	Trap					41356845	999999	https://ms.yugipedia.com//2/2e/AcidTrapHole-FMR-NA-VG.png
686	Widespread Ruin	Trap					77754944	999999	https://ms.yugipedia.com//b/ba/WidespreadRuin-FMR-NA-VG.png
687	Goblin Fan	Trap					4149689	999999	https://ms.yugipedia.com//6/6b/GoblinFan-FMR-NA-VG.png
688	Bad Reaction to Simochi	Trap					40633297	999999	https://ms.yugipedia.com//1/18/BadReactiontoSimochi-FMR-NA-VG.png
689	Reverse Trap	Trap					77622396	999999	https://ms.yugipedia.com//6/62/ReverseTrap-FMR-NA-VG.png
690	Fake Trap	Trap					3027001	999999	https://ms.yugipedia.com//1/11/FakeTrap-FMR-NA-VG.png
691	Revived of Serpent Night Dragon	Ritual					39411600	50	https://ms.yugipedia.com//a/a3/RevivedofSerpentNightDragon-FMR-NA-VG.png
692	Turtle Oath	Ritual					76806714	100	https://ms.yugipedia.com//a/ac/TurtleOath-FMR-NA-VG.png
693	Contruct of Mask	Ritual					2304453	100	https://ms.yugipedia.com//d/d6/ContructofMask-FMR-NA-VG.png
694	Resurrection of Chakra	Ritual					39399168	100	https://ms.yugipedia.com//e/e8/ResurrectionofChakra-FMR-NA-VG.png
695	Puppet Ritual	Ritual					5783166	50	https://ms.yugipedia.com//3/32/PuppetRitual-FMR-NA-VG.png
696	Javelin Beetle Pact	Ritual					41182875	999999	https://ms.yugipedia.com//e/e0/JavelinBeetlePact-FMR-NA-VG.png
697	Garma Sword Oath	Ritual					78577570	50	https://ms.yugipedia.com//7/75/GarmaSwordOath-FMR-NA-VG.png
698	Cosmo Queen's Prayer	Ritual					4561679	50	https://ms.yugipedia.com//b/ba/CosmoQueensPrayer-FMR-NA-VG.png
699	Revival of Skeleton Rider	Ritual					31066283	10	https://ms.yugipedia.com//a/ae/RevivalofSkeletonRider-FMR-NA-VG.png
700	Fortress Whale's Oath	Ritual					77454922	10	https://ms.yugipedia.com//6/6a/FortressWhalesOath-FMR-NA-VG.png
701	Performance of Sword	Monster	Warrior	6	1950	1850			https://ms.yugipedia.com//4/43/PerformanceofSword-FMR-NA-VG.png
702	Hungry Burger	Monster	Warrior	6	2000	1850			https://ms.yugipedia.com//2/26/HungryBurger-FMR-NA-VG.png
703	Sengenjin	Monster	Beast-Warrior	8	2750	2500			https://ms.yugipedia.com//d/d1/Sengenjin-FMR-NA-VG.png
704	Skull Guardian	Monster	Warrior	7	2050	2500			https://ms.yugipedia.com//6/62/SkullGuardian-FMR-NA-VG.png
705	Tri-horned Dragon	Monster	Dragon	8	2850	2350			https://ms.yugipedia.com//a/a9/TrihornedDragon-FMR-NA-VG.png
706	Serpent Night Dragon	Monster	Dragon	7	2350	2400			https://ms.yugipedia.com//c/cb/SerpentNightDragon-FMR-NA-VG.png
707	Skull Knight	Monster	Spellcaster	7	2650	2250	2504891	999999	https://ms.yugipedia.com//4/40/SkullKnight-FMR-NA-VG.png
708	Cosmo Queen	Monster	Spellcaster	8	2900	2450			https://ms.yugipedia.com//e/ed/CosmoQueen-FMR-NA-VG.png
709	Chakra	Monster	Fiend	7	2450	2000			https://ms.yugipedia.com//6/6d/Chakra-FMR-NA-VG.png
710	Crab Turtle	Monster	Aqua	8	2550	2500			https://ms.yugipedia.com//5/50/CrabTurtle-FMR-NA-VG.png
711	Mikazukinoyaiba	Monster	Dragon	7	2200	2350	38277918	999999	https://ms.yugipedia.com//1/12/Mikazukinoyaiba-FMR-NA-VG.png
712	Meteor Dragon	Monster	Dragon	6	1800	2000	64271667	999999	https://ms.yugipedia.com//5/5b/MeteorDragon-FMR-NA-VG.png
713	Meteor B. Dragon	Monster	Dragon	8	3500	2000			https://ms.yugipedia.com//c/c8/MeteorBDragon-FMR-NA-VG.png
714	Firewing Pegasus	Monster	Beast	6	2250	1800	27054370	999999	https://ms.yugipedia.com//a/a5/FirewingPegasus-FMR-NA-VG.png
715	Psycho-Puppet	Monster	Fiend	7	2000	2350			https://ms.yugipedia.com//3/31/PsychoPuppet-FMR-NA-VG.png
716	Garma Sword	Monster	Warrior	7	2550	2150			https://ms.yugipedia.com//d/d8/GarmaSword-FMR-NA-VG.png
717	Javelin Beetle	Monster	Insect	8	2450	2550			https://ms.yugipedia.com//5/54/JavelinBeetle-FMR-NA-VG.png
718	Fortress Whale	Monster	Fish	7	2350	2150			https://ms.yugipedia.com//f/f1/FortressWhale-FMR-NA-VG.png
719	Dokurorider	Monster	Zombie	6	1900	1850			https://ms.yugipedia.com//b/b3/Dokurorider-FMR-NA-VG.png
720	Mask of Shine & Dark	Monster	Spellcaster	6	2000	1800			https://ms.yugipedia.com//c/c2/MaskofShineDark-FMR-NA-VG.png
721	Dark Magic Ritual	Ritual							https://ms.yugipedia.com//7/7b/DarkMagicRitual-FMR-NA-VG.png
722	Magician of Black Chaos	Monster	Spellcaster	8	2800	2600			https://ms.yugipedia.com//8/87/MagicianofBlackChaos-FMR-NA-VG.png